Sensor ID,Name
7940,TCL_GW: 14.143.129.177 Eth-1/16 (Bandwidth - 1 Gbps) {Circuit ID-091MUMB0300A0094582} [MuX: 10.23.13.188_GE/FE-1-2-6]
9984,Eth-1/15_JIO_ILL_2G_CKT_ID_9336024697_778740107172
7943,Eth1/16_GW-182.78.48.9_AIRTEL_to 0/0/0/5_100.64.88.10_CKT_ID-230621100032262
11142,(001) sfp-sfpplus1-TATA Traffic
11143,(002) sfp-sfpplus2-AIRTEL Traffic
11144,(003) sfp-sfpplus3-JIO Traffic
11145,(004) sfp-sfpplus4 Traffic
11146,(005) sfp-sfpplus5 Traffic
11147,(006) sfp-sfpplus6 Traffic
11153,(001) sfp-sfpplus1-TATA Traffic
11154,(002) sfp-sfpplus2-AIRTEL Traffic
11155,(003) sfp-sfpplus3-JIO Traffic
11156,(004) sfp-sfpplus4 Traffic
11157,(005) sfp-sfpplus5 Traffic
11158,(006) sfp-sfpplus6 Traffic
9930,(001) BKC_TCL_121.241.40.250_Traffic
9931,(031) WAN_Bridge Traffic
10079,(005) RAGHUNANDAN 121.241.40.254 Traffic
10917,(006) EASTINDIA 121.241.40.253 Traffic
10918,(007) KIFS 121.241.40.252 Traffic
10919,(008) AFFILIANCE 121.241.40.251 Traffic
11015,Loopback: 10.10.223.1
11014,Mgmt: 192.168.101.223 Eth-13_to_???????
10108,TCL_BGP: 14.143.129.180 Port:SFP+_01 (Bandwidth - 1 Gbps) [192.168.101.147_SFP+_16]
10109,Airtel-182.78.48.12 SFP+_02 _to_ 192.168.101.24x_Eth-?
10110,Jio-115.243.72.4 SFP+_03 _to_ 192.168.101.24x_Eth-?
10947,OSPF: 172.16.15.223 Eth-3 to MT-224_Eth-3: 172.16.15.224
10119,Mgmt: 192.168.101.224 Eth-13_to_???????
10125,Loopback: 10.10.224.1
10120,TCL-14.143.129.181 SFP+_01 _to_ 192.168.101.24x_Eth-?
10121,Airtel-182.78.48.13 SFP+_02 _to_ 192.168.101.24x_Eth-?
10122,Jio-115.243.72.5 SFP+_03 _to_ 192.168.101.24x_Eth-?
10948,OSPF: 172.16.15.224 Eth-3 to MT-224_Eth-3: 172.16.15.223
10131,(003) ether1_to_MT-223-eth1 Traffic
10132,Eth-2_to_MT-224-Eth-1
10134,(008) ether6_to_101.250_gi23 Traffic
10940,SFP+_4_to_MT-223_SFP+_4
10949,Eth-5_to_MT-226_Eth-5
10142,(003) ether1_to_MT-223_eth2 Traffic
10143,(004) ether2_to_MT-224_eth2 Traffic
10144,(008) ether6_to_101.250_gi24 Traffic
10952,Eth-5_to_MT-225_Eth-5
10955,(005) sfp-sfpplus4 Traffic
7937,Gi1/3 to Gi1/3_ill-sw-tp-192.168.101.231
7938,Gi1/4 to Gi1/4_ill-sw-tp-192.168.101.231
10443,MICROTIK_101.226_SFPPLUS1 Traffic
10465,UPLINK_TO_LKP_RACK-K14_FW Traffic
10945,(10147) SW_TO_SW_PO1_101.231_Gi1/3 Traffic
10946,(10148) SW_TO_SW_PO1_101.231_Gi1/4 Traffic
9925,Gi1/3 to Gi1/3_ill-sw-tp-192.168.101.232
9926,Gi1/4 to Gi1/4_ill-sw-tp-192.168.101.232
10442,MICROTIK_101.225_SFPPLUS1 Traffic
10464,UPLINK_TO_LKP_RACK-K14_FW Traffic
10943,(10147) SW_TO_SW_PO1_101.232_Gi1/3 Traffic
10944,(10148) SW_TO_SW_PO1_101.232_Gi1/4 Traffic
4688,gi3(003) to Eth1(009)_isp-wr-tp-192-168-101-221
4689,gi3(004) to Eth1(009)_isp-wr-tp-192-168-101-222
4684,gi13(013) to port1_Server_101.21
4685,gi14(014) to port2_Server_101.21
3056,Gi1/0/13(20) to Gi1/0/46_mgmt-tp-10-112-11-201
3057,Gi1/0/14(21) to Gi1/0/46_mgmt-tp-10-112-11-203
8192,Gi1/0/23(40) to Gi1/0/40_mgmt-jp-192-168-99-251
3060,(004) GigabitEthernet1/0/2 Traffic
3061,(005) UPLINK_192.168.101.233_MGMT Traffic
3058,Gi1/0/13(015) to Gi1/0/46_mgmt-tp-10-112-11-202
3059,Gi1/0/14(016) to Gi1/0/46_mgmt-tp-10-112-11-204
8193,Gi1/0/23 to Gi1/0/40_mgmt-jp-192-168-99-252
3529,(5001) Port-channel1 Traffic
7975,Gi0/18(10118) to (101.100)_idrac_192.168.101.201
7976,Gi0/21(10121) to Port1_fws-tp-192-168-101-1
3540,(5001) Port-channel1 Traffic
3554,Gi0/21 to Port1_fws-tp-192-168-101-1
3555,Gi0/22 to MGMT_fws-tp-192-168-101-1(10.112.11.2)
3556,Gi0/23 to MGMT_fws-tp-10-112-11-242
3557,(10124) GigabitEthernet0/24 Traffic
3558,(10125) GigabitEthernet0/25 Traffic
3560,Gi0/31 to MGMT_Fa0_ill-sw-tp-192.168.101.232
3561,Gi0/32 to MGMT_mgmt-tp-10-112-11-202
3562,Gi0/33 to MGMT_mgmt-tp-10-112-11-204
3563,Gi0/34 to MGMT_cust-tp-10-112-11-206
3564,Gi0/35 to MGMT_cust-tp-10-112-11-212
2595,(5001) Port-channel1 Traffic
5374,(10101) SERVER_10.112.71.11_MGMT Traffic
5375,(10102) SERVER_10.112.71.12_MGMT Traffic
5376,(10103) SERVER_10.112.71.13_MGMT Traffic
5377,(10104) SERVER_10.112.71.14_MGMT Traffic
3898,(001) Vlan1 Traffic
3905,(10146) UPLINK_TO_101.252_Gi1/0/13 Traffic
3906,(10147) GigabitEthernet1/0/47 Traffic
3907,(10148) GigabitEthernet1/0/48 Traffic
3908,(14502) FastEthernet0 Traffic
3899,(5001) Port-channel1 Traffic
5370,(10101) SERVER_10.112.71.11_MGMT Traffic
5371,(10102) SERVER_10.112.71.12_MGMT Traffic
5372,(10103) SERVER_10.112.71.13_MGMT Traffic
5373,(10104) SERVER_10.112.71.14_MGMT Traffic
2601,(10101) vCenter-H.A_R750_Server_71.11_Vmnic9 Traffic
2602,(10102) vCenter-H.A_R750_Server_71.12_Vmnic9 Traffic
2603,(10103) vCenter-H.A_R750_Server_71.13_Vmnic9 Traffic
2604,(10104) GigabitEthernet1/0/4 Traffic
2605,(5001) Port-channel1 Traffic
2606,(10101) vCenter-H.A_R750_Server_71.11_Vmnic13 Traffic
2607,(10102) vCenter-H.A_R750_Server_71.12_Vmnic13 Traffic
2608,(10103) vCenter-H.A_R750_Server_71.13_Vmnic13 Traffic
2609,(10104) GigabitEthernet1/0/4 Traffic
2610,(5001) Port-channel1 Traffic
10354,(004) CONNECTED_TO_192.168.101.241_Gi0/30 Traffic
10352,(026) ###K11_LEFTSIDE_PDU### Traffic
10353,(027) ###K11_RIGHTSIDE_PDU### Traffic
10355,(053) CONNECTED_TO_192.168.101.251_Gi1/0/20 Traffic
10362,(004) CONNECTED_TO_192.168.101.242_Gi0/30 Traffic
10363,(053) CONNECTED_TO_192.168.101.252_Gi1/0/20 Traffic
10862,Eth01(1)__vNIC04-15.vc12.c02__10.112.73.15
10865,Eth02(5)__vNIC04-16.vc12.c02__10.112.73.16
10866,Eth03(9)__vNIC04-17.vc12.c02__10.112.73.17
10996,Eth04(13)__vNIC04-18.vc12.c02__10.112.73.18
10160,Eth17(65)__vNIC05-11.vc12.c02__10.112.73.11
10161,Eth-18(69)__vNIC04-12.vc12.c02__10.112.73.12
10162,Eth19(73)__vNIC04-13.vc12.c02__10.112.73.13
10163,Eth20(77)__vNIC04-14.vc12.c02__10.112.73.14
9813,Eth22(84)__vNIC06-12.vc12.c01__10.112.72.12
9812,Eth21(80)__vNIC10-11.vc12.c01__10.112.72.11
9814,Eth23(88)__vNIC10-13.vc12.c01__10.112.72.13
9815,Eth24(92)__vNIC10-14.vc12.c01__10.112.72.14
10164,Eth25(96)__vNIC08-15.vc12.c01__10.112.72.15
10158,Eth26(100)__vNIC08-16.vc12.c01__10.112.72.16
10159,Eth27(104)__vNIC08-17.vc12.c01__10.112.72.17
9810,Eth31 (120) to Eth120-31_SW-10.112.11.214
9811,Eth32 (124) to Eth124-32_SW-10.112.11.214
10868,Eth01(1)__vNIC14-15.vc12.c02__10.112.73.15
10870,Eth02(5)__vNIC14-16.vc12.c02__10.112.73.16
10871,Eth03(9)__vNIC14-17.vc12.c02__10.112.73.17
10869,Eth04(13)__vNIC14-18.vc12.c02__10.112.73.18
10167,Eth17(65)__vNIC08-11.vc12.c02__10.112.73.11
10168,Eth18(69)__vNIC08-12.vc12.c02__10.112.73.12
10169,Eth19(73)__vNIC08-13.vc12.c02__10.112.73.13
10170,Eth20(77)__vNIC08-14.vc12.c02__10.112.73.14
9822,Eth21(80)__vNIC12-11.vc12.c01__10.112.72.11
9823,Eth22(84)__vNIC08-12.vc12.c01__10.112.72.12
9824,Eth23(88)__vNIC12-13.vc12.c01__10.112.72.13
9825,Eth24(92)__vNIC12-14.vc12.c01__10.112.72.14
10171,Eth25(96)__vNIC10-15v.c12.c01__10.112.72.15
10165,Eth26(100)__vNIC10-16.vc12.c01__10.112.72.16
10166,Eth27(104)__vNIC10-17.vc12.c01__10.112.72.17
9826,Eth31 (120) to Eth120-31_SW-10.112.11.213
9827,Eth32 (124) to Eth124-32_SW-10.112.11.213
2761,(001) mgmt Traffic
2762,(002) ha Traffic
7687,(019) Direct_Customer_1 Traffic
7688,(034) WAN_SW_101.231/232_P24 Traffic
10956,(045) 5 PAISA CAAS 20DEPTH WAN Traffic
10957,(051) 5PAISA_20DEPTH_LAN Traffic
2751,(001) mgmt Traffic
2752,(002) ha Traffic
2754,(034) SW_101.231/232_P23 Traffic
7684,(019) Direct_Customer_1 Traffic
7685,(033) WAN_SW_101.231/232_P23 Traffic
9607,(045) 5 PAISA CAAS 20DEPTH WAN_Traffic
9608,(051) 5PAISA_20DEPTH_LAN Traffic
10908,(051) 5PAISA_20DEPTH_LAN Traffic
2768,wan1 Traffic
2770,LAN Traffic
2771,MGMT Traffic
2772,HA Traffic
2769,(010) HA Traffic
2718,(001) mgmt Traffic
2719,(019) SW_101.231/232_P21_WAN Traffic
2720,(020) SW_101.231/232_P24_WAN Traffic
2721,(021) SW_10.112.11.205/206_P41 Traffic
2722,(022) SW_10.112.11.205/206_P42 Traffic
2723,(033) HA Traffic
2724,(034) HA Traffic
11030,(047) DHARMIK_LAN Traffic
2729,(001) mgmt Traffic
2730,(019) SW_101.231/232_P21_WAN Traffic
2731,(020) SW_101.231/232_P24_WAN Traffic
2732,(021) SW_10.112.11.205/206_P41 Traffic
2733,(022) SW_10.112.11.205/206_P42 Traffic
2734,(033) HA Traffic
2735,(034) HA Traffic
11031,(047) DHARMIK_LAN Traffic
9772,(001) mgmt Traffic
9775,(002) ha Traffic
9773,(016) SSL VPN interface Traffic
9780,(019) LAN_SW_11.211/212_PORT39 Traffic
9781,(020) LAN_SW_11.211/212_PORT40 Traffic
9782,(033) WAN_SW_101.231/232_P25 Traffic
9783,(034) WAN_SW_101.231/232_P26 Traffic
9784,(035) naf.root Traffic
9785,(036) l2t.root Traffic
9786,(037) IIFL_LAN_VLAN_2011 Traffic
9787,(038) IIFL_LAN_2_VLAN_2012 Traffic
9789,(043) IIFL2_VLAN333 Traffic
11546,(042) IIFL2 _VLAN_310 Traffic
9795,(016) SSL VPN interface Traffic
9796,(019) LAN_SW_11.211/212_PORT39 Traffic
9797,(020) LAN_SW_11.211/212_PORT40 Traffic
9798,(033) WAN_SW_101.231/232_P25 Traffic
9799,WAN_SW_101.231/232_P26 Traffic
9800,(037) IIFL_LAN_VLAN_2011 Traffic
9801,(038) IIFL_LAN_2_VLAN_2012 Traffic
9802,(041) IIFL_TO_CDC Traffic
9804,(043) IIFL2_VLAN333 Traffic
10927,(042) IIFL2 _VLAN_310 Traffic
3445,mgmt0 Traffic
9880,Eth1/22_VLAN-305_to_GE5_10.110.3.2
9881,Eth1/23_VLAN-306_to_GE0/0/0_10.195.49.2
11496,(436400128) UPLINK_TO_SW_192.168.101.243_GI0/1/6 Traffic
11497,(436404224) UPLINK_TO_10.112.11.211_ET1/41 Traffic
11498,(436408320) UPLINK_TO_10.112.11.212_ET1/41 Traffic
3470,(83886080) mgmt0 Traffic
11499,(436400128) UPLINK_TO_SW_192.168.101.244_GI0/1/6 Traffic
11500,(436404224) UPLINK_TO_10.112.11.211_ET1/42 Traffic
11501,(436408320) UPLINK_TO_10.112.11.212_ET1/42 Traffic
5075,(436305920) CUSTOMER_10.112.101.11 Traffic
5076,(436310016) CUSTOMER_10.112.101.12 Traffic
5077,(436314112) CUSTOMER_10.112.101.13 Traffic
5078,(436318208) CUSTOMER_10.112.101.14 Traffic
5079,(436355072) FGT200F_10.112.11.241_Port3 Traffic
5080,(436359168) FGT200F_10.112.11.241_Port4 Traffic
5081,(436363264) IIFL_FGT100F_10.112.11.243_Port1 Traffic
5083,(436371456) UPLINK_TO_SW_10.112.11.207_Eth1/49 Traffic
5084,(436375552) UPLINK_TO_SW_10.112.11.208_Eth1/49 Traffic
5087,(436391936) UPLINK_192.168.101.251_Gi1/0/22 Traffic
11502,(436371456) UPLINK_TO_SW_10.112.11.207_Eth1/49 Traffic
11503,(436375552) UPLINK_TO_SW_10.112.11.208_Eth1/49 Traffic
11504,(436391936) UPLINK_192.168.101.251_Gi1/0/22 Traffic
11505,(436396032) Ethernet1/47 Traffic
11506,(436400128) Ethernet1/48 Traffic
11615,(436289536) VEEM_BACKUP_SERVER_10.133.103.62_Port1 Traffic
11616,(436293632) VC12-CL01_CUST_10.112.72.15_VMNIC_X Traffic
11617,(436297728) VC12-CL01_CUST_10.112.72.16_VMNIC_X Traffic
11618,(436301824) VC12-CL01_CUST_10.112.72.17_VMNIC_X Traffic
11619,(436305920) VC12-CL02_CUST_10.112.73.15_VMNIC_3 Traffic
11620,(436310016) VC12-CL02_CUST_10.112.73.16_VMNIC_3 Traffic
11621,(436314112) VC12-CL02_CUST_10.112.73.17_VMNIC_3 Traffic
11622,(436318208) VC12-CL02_CUST_10.112.73.18_VMNIC_3 Traffic
11623,(436322304) VC12-CL01_CUST_10.112.72.11_VMNIC_X Traffic
11624,(436326400) VC12-CL01_CUST_10.112.72.12_VMNIC_X Traffic
11625,(436330496) VC12-CL01_CUST_10.112.72.13_VMNIC_X Traffic
11626,(436334592) VC12-CL01_CUST_10.112.72.14_VMNIC_X Traffic
11627,(436338688) VC12-CL02_CUST_10.112.73.11_VMNIC_X Traffic
11628,(436342784) VC12-CL02_CUST_10.112.73.12_VMNIC_X Traffic
11629,(436346880) VC12-CL02_CUST_10.112.73.13_VMNIC_X Traffic
11630,(436350976) VC12-CL02_CUST_10.112.73.14_VMNIC_X Traffic
11633,(436387840) VEEM_BACKUP_SERVER_10.133.103.61_Port1 Traffic
9750,(436375552) UPLINK_TO_SW_10.112.11.208_Eth1/50 Traffic
9753,(436391936) UPLINK_192.168.101.252_Gi1/0/22 Traffic
11510,(436396032) Ethernet1/47 Traffic
11511,(436400128) Ethernet1/48 Traffic
11634,(436289536) VEEM_BACKUP_SERVER_10.133.103.62_Port2 Traffic
11635,(436293632) VC12-CL01_CUST_10.112.72.15_VMNIC_X Traffic
11636,(436297728) VC12-CL01_CUST_10.112.72.16_VMNIC_X Traffic
11637,(436301824) VC12-CL01_CUST_10.112.72.17_VMNIC_X Traffic
11638,(436305920) VC12-CL02_CUST_10.112.73.15_VMNIC_4 Traffic
11639,(436310016) VC12-CL02_CUST_10.112.73.16_VMNIC_4 Traffic
11640,(436314112) VC12-CL02_CUST_10.112.73.17_VMNIC_4 Traffic
11641,(436318208) VC12-CL02_CUST_10.112.73.18_VMNIC_4 Traffic
11642,(436322304) VC12-CL01_CUST_10.112.72.11_VMNIC_X Traffic
11643,(436326400) VC12-CL01_CUST_10.112.72.12_VMNIC_X Traffic
11644,(436330496) VC12-CL01_CUST_10.112.72.13_VMNIC_X Traffic
11645,(436334592) VC12-CL01_CUST_10.112.72.14_VMNIC_X Traffic
11646,(436338688) VC12-CL02_CUST_10.112.73.11_VMNIC_X Traffic
11647,(436342784) VC12-CL02_CUST_10.112.73.12_VMNIC_X Traffic
11648,(436346880) VC12-CL02_CUST_10.112.73.13_VMNIC_X Traffic
11649,(436350976) VC12-CL02_CUST_10.112.73.14_VMNIC_X Traffic
11650,(436387840) VEEM_BACKUP_SERVER_10.133.103.61_Port2 Traffic
10612,(10147) UPLINK_TO_FW_10.112.11.245_PORT1_LAN_DIRECT_CUSTOMER Traffic
10613,(10148) UPLINK_TO_FW_10.112.11.246_PORT1_LAN_DIRECT_CUSTOMER Traffic
10618,(10147) GigabitEthernet1/0/47 Traffic
10619,(10148) GigabitEthernet1/0/48 Traffic
10621,(14502) FastEthernet0 Traffic
10626,(10502) FastEthernet0 Traffic
10252,(010) AIRTEL_NSE Traffic
10253,(011) TCL_NSE Traffic
10254,(012) TCL_BSE Traffic
10256,(057) TIKONA_UPLINK Traffic
10693,(056) UPLINK_TO_AIRTEL_P2P Traffic Traffic
11313,UPLINK_FOR_SFT203_10.112.11.208_ETH1/1 Traffic
11397,(052) UPLINK_TO_ME3600_101.236_SW_G0/0/2 Traffic
11398,(053) UPLINK_TO_ME3600_101.237_SW_G0/0/2 Traffic
10336,(006) UPLINK_TO_RAGHU_SW_10.246_STT-TECH_K-12 Traffic
10335,(054) UPLINK_TO_QNQ_SW_101.235_Xg0/0/1 Traffic
10375,(007) GRD_AIRTEL_NSE_100.60.247.118_PORT_23_TO_101_QNQ_ROUTER_4321_GE0/0/0 Traffic
10376,(008) GRD_TCL_CDC_MUX_172.23.180.245_PORT 7 Traffic
10686,(055) XGigabitEthernet0/0/2 Traffic
10687,(056) XGigabitEthernet0/0/3 Traffic
11399,(052) UPLINK_TO_ME3600_101.236_SW_G0/0/3 Traffic
11400,(053) UPLINK_TO_ME3600_101.237_SW_G0/0/3 Traffic
11408,(006) UPLINK_TO_RAGHU_SW_10.246_STT-TECH_K-12 Traffic
11406,(027) SMC_WS-C3850-48T_PORT_Gi1/0/20 Traffic
11407,(028) SMC_WS-C3850-48T_PORT_Gi1/0/21 Traffic
11385,(001) TIKONA_UPLINK Traffic
11386,(002) UPLINK_TO_RTR_101.237_G0/0/1 Traffic
11387,(003) UPLINK_TO_101.235_G0/0/47 Traffic
11388,(004) UPLINK_TO_101.234_G0/0/47 Traffic
11373,(001) AIRTEL_UPLINK Traffic
11374,(002) UPLINK_TO_RTR_101.236_G0/0/1 Traffic
11375,(003) UPLINK_TO_101.235_G0/0/48 Traffic
11376,(004) UPLINK_TO_101.234_G0/0/48 Traffic
7946,TCL_GW: 121.241.91.153 Eth-1/16 (Bandwidth - 600 Mbps) {Circuit ID-091GAND0300A0080936} [MuX - ??]
8029,Airtel_GW: 182.78.96.129 Eth-1/15 (Bandwidth - 300 Mbps) {Circuit ID-230628100032662} [MuX - ??]
5535,TCL_BGP: 121.241.91.154 Eth-1 to EC_S5520_192.168.100.147_SFP+_01
5536,Airtel_BGP: 182.78.96.132 Eth-2 to EC_S5520_192.168.100.148_SFP+_01
11099,OSPF: 10.222.6.1 Eth-5 to MTK_192.168.101.222_Eth-5 (OSPF:10.222.6.2)
4241,TCL_BGP: 121.241.91.155 Port:Eth-1 [192.168.100.147_SFP+_02]
4242,Airtel_BGP: 182.78.96.133 Port:Eth-2 [192.168.100.148_SFP+_02]
11000,OSPF: 10.222.6.2 Eth-5 to MTK_192.168.100.221_Eth-5 (OSPF:  10.222.6.1)
10749,(003) sfp-sfpplus3 Traffic
10968,(001) ether13 Traffic
10990,(006) MKT-221 to MKT-223 Traffic
10991,(007) MKT- 222 to MKT -223 Traffic
10992,OSPF: 172.16.15.223 Eth-3 to MTK_192.168.100.224_Eth-3 (OSPF: 172.16.15.224)
10755,(006) sfp-sfpplus6 Traffic
11001,(001) ether13 Traffic
11011,(006) MKT-221 to MKT-224 Traffic
11012,(007) MKT-222  to MKT-224 Traffic
11013,(008) MKT -223 to MKT - 224 Traffic
11103,(002) sfp-sfpplus1 Traffic
11104,(003) sfp-sfpplus2 Traffic
11105,(004) sfp-sfpplus3 Traffic
11106,(007) sfp-sfpplus6 Traffic
11102,(018) ether1 Traffic
11108,(002) sfp-sfpplus1 Traffic
11110,(003) sfp-sfpplus2 Traffic
11111,(004) sfp-sfpplus3 Traffic
11112,(007) sfp-sfpplus6 Traffic
11107,(018) ether1 Traffic
11109,(020) LAN_BRIDGE Traffic
7960,(10141) UPLINK_FROM_MICROTIK_100.221_ether4 Traffic
7961,(10142) UPLINK_FROM_MICROTIK_100.223_ether6 Traffic
10770,(10141) UPLINK_FROM_MICROTIK_100.223_ether5 Traffic
10771,(10142) UPLINK_FROM_MICROTIK_100.223_ether6 Traffic
11022,(10141) UPLINK_FROM_MICROTIK_100.223_ether5 Traffic
11023,(10142) UPLINK_FROM_MICROTIK_100.223_ether6 Traffic
11024,(10147) UPLINK_TO_100.232_Gi1/0/47 Traffic
11025,(10148) UPLINK_TO_100.232_Gi1/0/48 Traffic
7962,(10131) RACK_D3_FGT100F_10.111.11.241_WAN1 Traffic
7963,(10132) RACK_D3_FGT60F_PRI_192.168.100.1_WAN2 Traffic
7964,(10133) RACK_D2_FGT100F_10.111.11.244_P-1 Traffic
7965,(10134) RACK_D2_FGT100F_10.111.11.244_P-2 Traffic
7966,(10140) RACK_D3_FGT60F_PRI_192.168.100.1_WAN1 Traffic
10765,(10141) UPLINK_FROM_MICROTIK_100.224_sfp-sfpplus5 Traffic
10766,(10142) UPLINK_FROM_MICROTIK_100.222_ether6 Traffic
10768,(10141) UPLINK_FROM_MICROTIK_100.224_sfp-sfpplus5 Traffic
10769,(10142) UPLINK_FROM_MICROTIK_100.224_sfp-sfpplus6 Traffic
11026,(10141) UPLINK_FROM_MICROTIK_100.224_sfp-sfpplus5 Traffic
11027,(10142) UPLINK_FROM_MICROTIK_100.224_sfp-sfpplus6 Traffic
11028,(10147) UPLINK_TO_100.231_Gi1/0/47 Traffic
11029,(10148) UPLINK_TO_100.231_Gi1/0/48 Traffic
6521,(014) UPLINK_MGMT_100.248 Traffic
9882,(003) UPLINK_TO_10.111.11.243_P-5_LKP Traffic
9883,(004) UPLINK_TO_10.111.11.244_P-5_LKP Traffic
9955,(047) GIFTCITY_STT_TECHNOPOLIS_P2P Traffic
9956,(060) GIFTCITY_CDC_TIKONA_P2P Traffic
6531,(011) SRV_10.111.51.11_VMNIC10_PO1_vSAN_Traffic Traffic
6532,(012) SRV_10.111.51.12_VMNIC10_PO2_vSAN_Traffic Traffic
6533,(013) SRV_10.111.51.13_VMNIC10_PO3_vSAN_Traffic Traffic
6534,(014) SRV_10.111.51.14_VMNIC4_PO4_vSAN_Traffic Traffic
6522,(10101) Host_+_vCenter_R750_Server_51.11_vmNIC- Traffic
6523,(10102) Host_+_vCenter_R750_Server_51.12_vmNIC- Traffic
6524,(10103) Host_+_vCenter_R750_Server_51.13_vmNIC- Traffic
6525,(10104) Host_+_vCenter_R750_Server_51.31_vmNIC-0 Traffic
6528,(10146) UPLINK_3850X_100.252_Gi1/0/31 Traffic
6529,(10147) UPLINK_3850X_100.52_Po1_Gi1/0/47-48 Traffic
6530,(10148) UPLINK_3850X_100.52_Po1_Gi1/0/47-48 Traffic
6537,(10146) UPLINK_3850X_100.252_Gi1/0/32 Traffic
6538,(10147) UPLINK_3850X_100.51_Po1_Gi1/0/47-48 Traffic
6539,(10148) UPLINK_3850X_100.51_Po1_Gi1/0/47-48 Traffic
6540,(10101) vCenter-H.A_R750_Server_51.11_Vmnic1 Traffic
6541,(10102) vCenter-H.A_R750_Server_51.12_Vmnic1 Traffic
6542,(10103) vCenter-H.A_R750_Server_51.13_Vmnic1 Traffic
6543,(10104) vCenter-H.A_R750_Server_51.14_Vmnic1 Traffic
6546,(10146) UPLINK_SW_100.252_Gi1/0/33 Traffic
6547,(10101) vCenter-H.A_R750_Server_51.11_Vmnic15 Traffic
6548,(10102) vCenter-H.A_R750_Server_51.12_Vmnic15 Traffic
6549,(10103) vCenter-H.A_R750_Server_51.13_Vmnic15 Traffic
6550,(10104) vCenter-H.A_R750_Server_51.14_Vmnic13 Traffic
6553,(10146) UPLINK_SW_100.252_Gi1/0/34 Traffic
6555,(436404224) UPLINK_TO_10.111.11.211_eth1/31 Traffic
6556,(436408320) UPLINK_TO_10.111.11.212_eth1/31 Traffic
9892,5PAISA_NSE_TCL Traffic
9895,5PAISA_BSE_TCL Traffic
6558,(436404224) UPLINK_TO_10.111.11.211_eth1/32 Traffic
6559,(436408320) UPLINK_TO_10.111.11.212_eth1/32 Traffic
9893,5PAISA_NSE_AIRTEL Traffic
9894,5PAISA_BSE_TIKONA Traffic
6560,(436207616) UPLINK_TO_51.11_VMNIC_2 Traffic
6561,(436211712) UPLINK_TO_51.12_VMNIC_2 Traffic
6562,(436215808) UPLINK_TO_51.13_VMNIC_2 Traffic
9957,(436219904) UPLINK_TO_51.31_VMNIC_7 Traffic
6565,(436330496) UPLINK_TO_10.111.11.205_Eth1/49 Traffic
6566,(436334592) UPLINK_TO_10.111.11.206_Eth1/49 Traffic
6567,(436391936) UPLINK_TO_192.168.100.252_Gi1/0/41 Traffic
6568,(436207616) UPLINK_TO_51.11_VMNIC_6 Traffic
6569,(436211712) UPLINK_TO_51.12_VMNIC_6 Traffic
6570,(436215808) UPLINK_TO_51.13_VMNIC_6 Traffic
6571,(436219904) UPLINK_TO_51.31_VMNIC_11 Traffic
6574,(436330496) UPLINK_TO_10.111.11.205_Eth1/50 Traffic
6575,(436334592) UPLINK_TO_10.111.11.206_Eth1/50 Traffic
6576,(436391936) UPLINK_TO_192.168.100.252_Gi1/0/42 Traffic
9889,(10200) PortChannel200 Traffic
10997,Eth-1/11(40)_vNIC10-vC12.C01-10.111.52.11
9909,Eth-1/12(44)_vNIC10-vC12.C01-10.111.52.12
9910,Eth-1/13(48)_vNIC10-vC12.C01-10.111.52.13
9911,Eth-1/14(52)_vNIC10-vC12.C01-10.111.52.14
9906,Ethernet120 Traffic /Eth31 (120) to Eth120-31_SW-10.111.11.214
9907,Ethernet124 Traffic /Eth32 (124) to Eth124-32_SW-10.111.11.214
10998,Eth-1/11(40)_vNIC12-vC12.C01-10.111.52.11
9913,Eth-1/11(44)_vNIC12-vC12.C01-10.111.52.12
9914,Eth-1/11(48)_vNIC12-vC12.C01-10.111.52.13
9915,Eth-1/11(52)_vNIC12-vC12.C01-10.111.52.14
9887,Ethernet120 Traffic /Eth31 (120) to Eth120-31_SW-10.111.11.213
9888,Ethernet124 Traffic /Eth32 (124) to Eth124-32_SW-10.111.11.213
4622,(001) mgmt Traffic
4624,(002) ha Traffic
4623,(019) SW_100.231/232_PORT31_WAN Traffic
4625,(020) SW_100.231/232_PORT34_WAN Traffic
4626,(021) SW_11.205/206_PORT_LAN Traffic
4627,(022) SW_11.205/206_PORT_LAN Traffic
4628,(001) mgmt Traffic
4630,(002) ha Traffic
4629,(019) SW_100.231/232_PORT31_WAN Traffic
4631,(020) SW_100.231/232_PORT34_WAN Traffic
4632,(021) SW_11.205/206_PORT_LAN Traffic
4633,(022) SW_11.205/206_PORT_LAN Traffic
4610,(002) mgmt Traffic
4611,(003) 5PAISA_WAN Traffic
4612,(005) ha1 Traffic
4613,(006) ha2 Traffic
4614,(007) port1 Traffic
4615,(008) port2 Traffic
4616,(002) mgmt Traffic
4617,(003) 5PAISA_WAN Traffic
4618,(005) ha1 Traffic
4619,(006) ha2 Traffic
4620,(007) port1 Traffic
4621,(008) port2 Traffic
7705,(001) wan1 Traffic
7707,(002) wan2 Traffic
7706,(010) LAN-192.168.100.0 Traffic
7708,(021) CDC-GC Traffic
9619,Airtel:125.20.79.145 Eth-?? to (Airtel-Mux: xxxx-eth??/??) {CKT ID-230221100023924}
9472,TCL:14.142.18.201 (Eth-?? to TCL-Mux: xxxx-eth??/??) {CKT_ID-091MUMB0300A0080938}
4248,Ether1-ASR_60.221_G0/1/0 Traffic
4249,Ether2-ASR_60.222_G0/1/1 Traffic
4250,Ether4-FGT_FW_PRI_OUT Traffic
4245,Ether5-OUT1 Traffic
4246,Ether6-OUT2(60.233-40) Traffic
4247,Ether7-OUT3(60.237-45) Traffic
8593,Vlan54 Traffic
4254,Ether1-ASR_60.221_G0/1/1 Traffic
4255,Ether2-ASR_60.222_G0/1/0 Traffic
4256,Ether4-FGT_FW_SEC_OUT Traffic
4251,Ether5-OUT1 Traffic
4252,Ether6-OUT2(60.234-40) Traffic
4253,Ether7-OUT3(60.238-45) Traffic
7245,Ether3-60.211_ETHER_3 Traffic
8594,Vlan54 Traffic
4474,(003) sfp3 Traffic
4475,(004) sfp4 Traffic
4476,Ether1-AIRTEL-ISP Traffic
4477,Ether2-TATA Traffic
4478,Ether5-60.231-P41_FW Traffic
4473,Ether6-60.231-P42_Direct Traffic
4480,(003) sfp3 Traffic
4481,(004) sfp4 Traffic
4482,Ether1-AIRTEL Traffic
4483,Ether2-TATA Traffic
4484,Ether5-60.232-P41-FW Traffic
4479,Ether6-60.232-P42_Direct Traffic
10705,(001) AIRTEL_1G_SW_60.2_P-1 Traffic
10707,(002) NEW_TCL_1G_SW_60.1_P-1 Traffic
10708,(003) MKT_60.211_ETH1 Traffic
10709,(004) MKT_60.212_ETH1 Traffic
10706,(013) MGMT_UPLINK_SW_60.252_FE0/3 Traffic
10702,(004) MKT_60.212_ETH1 Traffic
10701,(003) MKT_60.211_ETH1 Traffic
7979,(018) AIRTEL_1G_SW_60.2_P-1 Traffic
7980,(023) MGMT_UPLINK_SW_60.252_FE0/3 Traffic
10657,(019) NEW_TCL_1G_SW_60.1_P-1 Traffic
7993,Airtel-GW:125.20.79.147 (Gi0/03/0 to 172.60.60.2 Eth-1/2)
7992,TCL-GW:14.142.18.203 (Gi0/0/0 to 172.60.60.1 Eth-1/2)
7994,Mgmt (Gi0 to 172.60.60.252 FE-0/4)
8014,UPLINK_MT_60.213_ETHER1 Traffic
8015,UPLINK_MT_60.214_ETHER1 Traffic
9475,TCL_UPLINK_60.2_EDGECORE_2G_TRAFFIC
9805,AIRTEL_UPLINK_DLINK_60.2_PORT_1/4 Traffic
9806,NEW_TCL_1G_SW_60.1_P-1 Traffic
10710,Airtel-GW:125.20.79.148 (Gi0/0/1 to 172.60.60.2 Eth-1/3)
9482,TCL-GW:14.142.18.201 (Gi0/0/2 to 172.60.60.1 Eth-1/4)
10718,Mgmt (Gi0 to 172.60.60.?? FE-??)
5336,(10108) COMTEL_FW_60F_WAN2 Traffic
5342,(5001) Port-channel1 Traffic
7250,(10131) FGT_172.60.60.194_SEC_WAN1 Traffic
7251,(10132) FGT_172.60.60.196_SEC_PORT_7 Traffic
7252,(10140) ROUTER_C_60.224_GI0 Traffic
7253,(10141) MIKROTIK_60.214_ETH5 Traffic
7254,(10142) MIKROTIK_60.214_ETH6 Traffic
7255,(10146) UPLINK_TO_60.233_Gi0/34 Traffic
5317,(5001) Port-channel1 Traffic
10958,MIKROTIK_60.213_ETH5 Traffic
7177,(5001) Port_channel_between_SW-60.233_TO_SW-60.234 Traffic
7178,(5001) Port_channel_between_SW-60.233_TO_SW-60.234 Traffic
7180,(5001) Port-channel1 Traffic
7204,(5001) Port-channel1 Traffic
10703,(10145) INTERNET_UPLINK_MICROTIK_60.212_SFPPLUS1_COMBO-COPPER Traffic
7231,(10145) UPLINK_Switch_99.251_Gi1/0/25 Traffic
7345,(10101) Host_+_vCenter_R750_Server_31.11_vmNIC-2 Traffic
7346,(10102) Host_+_vCenter_R750_Server_31.12_vmNIC-2 Traffic
7347,(10103) Host_+_vCenter_R750_Server_31.13_vmNIC-2 Traffic
7348,(10104) Host_+_vCenter_R750_Server_31.14_vmNIC-2 Traffic
7349,(10105) Host_+_vCenter_R750_Server_31.15_vmNIC-0 Traffic
7350,(10106) Host_+_vCenter_R750_Server_31.16_vmNIC-0 Traffic
7351,(10107) Host_+_vCenter_R740_Server_31.17_vmNIC-0 Traffic
7352,(10108) Host_+_vCenter_R740_Server_31.18_vmNIC- Traffic
7353,(10109) Host_+_vCenter_R740_Server_31.19_vmNIC- Traffic
7357,(10121) Host_+_vCenter_HPE385_Server_32.11_Vmnic Traffic
7358,(10122) Host_+_vCenter_HPE385_Server_32.12_Vmnic Traffic
7359,(10123) Host_+_vCenter_HPE385_Server_32.13_Vmnic Traffic
7360,(10124) Host_+_vCenter_HPE385_Server_32.14_Vmnic Traffic
7361,(10125) Host_+_vCenter_R740_Server_33.11_vmNICxx Traffic
7362,(10126) Host_+_vCenter_R740_Server_33.12_vmNICxx Traffic
7363,(10127) Host_+_vCenter_R740_Server_33.13_vmNICxx Traffic
7364,(10128) Host_+_vCenter_R740_Server_33.14_vmNICxx Traffic
7365,(10129) Host_+_vCenter_R740_Server_33.15_vmNICxx Traffic
7272,(10145) UPLINK_Switch_99.252_Gi1/0/25 Traffic
7366,(10101) Host_+_vCenter_R750_Server_31.11_vmNIC-0 Traffic
7367,(10102) Host_+_vCenter_R750_Server_31.12_vmNIC-0 Traffic
7368,(10103) Host_+_vCenter_R750_Server_31.13_vmNIC-0 Traffic
7369,(10104) Host_+_vCenter_R750_Server_31.14_vmNIC-0 Traffic
7370,(10105) Host_+_vCenter_R750_Server_31.15_vmNIC-4 Traffic
7371,(10106) Host_+_vCenter_R750_Server_31.16_vmNIC-4 Traffic
7372,(10107) Host_+_vCenter_R740_Server_31.17_vmNIC-10 Traffic
7373,(10109) Host_+_vCenter_R740_Server_31.19_vmNIC-10 Traffic
10719,(10125) Host_+_vCenter_R740_Server_33.11_vmNICxx Traffic
7378,(10126) Host_+_vCenter_R740_Server_33.12_vmNICxx Traffic
7379,(10127) Host_+_vCenter_R740_Server_33.12_vmNICxx Traffic
7380,(10128) Host_+_vCenter_R740_Server_33.14_vmNICxx Traffic
7381,(10129) Host_+_vCenter_R740_Server_33.15_vmNICxx Traffic
7288,(10145) uplink_switch_99.251_Port-26_Traffic_VLANs Traffic
7387,(10101) vCenter-H.A_R750_Server_31.11_vmNIC-1 Traffic
7388,(10102) vCenter-H.A_R750_Server_31.12_vmNIC-1 Traffic
7389,(10103) vCenter-H.A_R750_Server_31.13_vmNIC-1 Traffic
7390,(10104) vCenter-H.A_R750_Server_31.14_vmNIC-5 Traffic
7391,(10105) vCenter-H.A_R750_Server_31.15_vmNIC-1 Traffic
7392,(10106) vCenter-H.A_R750_Server_31.16_vmNIC-1 Traffic
7393,(10107) vCenter-H.A_R740_Server_31.17_vmNIC-1 Traffic
7394,(10109) vCenter-H.A_R740_Server_31.19_vmNIC-1 Traffic
7398,(10121) vCenter-H.A_HPE385_Server_32.11_Vmnic Traffic
7399,(10122) vCenter-H.A_HPE385_Server_32.12_Vmnic Traffic
7400,(10123) vCenter-H.A_HPE385_Server_32.13_Vmnic Traffic
7401,(10124) vCenter-H.A_HPE385_Server_32.14_Vmnic Traffic
7289,(10101) vCenter-H.A_R750_Server_31.11_vmNIC-3 Traffic
7290,(10102) vCenter-H.A_R750_Server_31.12_vmNIC-3 Traffic
7291,(10103) vCenter-H.A_R750_Server_31.13_vmNIC-3 Traffic
7292,(10104) vCenter-H.A_R750_Server_31.14_vmNIC-1 Traffic
7293,(10105) vCenter-H.A_R750_Server_31.15_vmNIC-5 Traffic
7294,(10106) vCenter-H.A_R750_Server_31.16_vmNIC-5 Traffic
7295,(10107) vCenter-H.A_R750_Server_31.17_vmNIC-5 Traffic
7296,(10108) vCenter-H.A_R750_Server_31.18_vmNIC-5 Traffic
7297,(10109) vCenter-H.A_R750_Server_31.19_vmNIC-5 Traffic
7301,(10125) GigabitEthernet1/0/25 Traffic
7302,(10126) GigabitEthernet1/0/26 Traffic
7303,(10127) GigabitEthernet1/0/27 Traffic
7304,(10128) GigabitEthernet1/0/28 Traffic
7305,(10129) GigabitEthernet1/0/29 Traffic
7306,(10145) uplink_switch_99.252_Port-26_Traffic_VLANs Traffic
5674,RUCKUS_WIFI_R550 Traffic
5675,UPLINK_CDC101_40.253_Gi1/0/52 Traffic
10662,(10150) UPLINK_CDC101_40.253_Gi1/0/52 Traffic
10860,(10113) UPLINK_TO_40.251_PORT_Gi0/1 Traffic
5676,(10135) UPLINK_TO_200.205_ETH1/46 Traffic
5678,(10141) UPLINK_BASEMENT_RECEPTION Traffic
5679,(10143) UPLINK_BASEMENT_NOC_ROOM_40.250_Gi0/48 Traffic
5680,(10152) UPLINK_2nd_Floor_40.252_Gi1/0/50 Traffic
8461,(010) UPLINK_TO_40.254_FW_P-4 Traffic
8464,(018) switch_10.100.11.51_mgmt_port Traffic
8465,(019) switch_10.100.11.53_mgmt_port Traffic
8466,(020) SW_10.100.11.41_Gi1/0/47 Traffic
8467,(021) SW_10.100.11.42_Gi1/0/47 Traffic
8468,(022) SW_10.100.11.43_Gi1/0/47 Traffic
8469,(023) SW_10.100.11.44_Gi1/0/47 Traffic
8470,(032) switch_11.51_Port-1/0/45_Traffic_VLANs Traffic
8471,(033) switch_11.53_Port-1/0/45_Traffic_VLANs Traffic
8472,(038) UPLINK_TO_SW_10.100.13.56A_25GE1/0/1 Traffic
8473,(042) UPLINK_10.100.11.213_ET1/32 Traffic
8474,(044) UPLINK_TO_10.100.11.249_Gi1/0/47 Traffic
8475,(046) ESXI_10.100.11.231_VMNIC2(Onboard_3rd_port) Traffic
8476,Primary_uplink_for_CDC-TP_to_TIPL-172.16.1.13_Port_36-VLAN-1139
8477,(048) CDC104_RACK3_FW_60F_192.168.40.254_P-2 Traffic
8478,(049) UPLINK_10.100.11.211_ET1/32 Traffic
8481,(053) UPLINK_CDC104_R01_100.11.252_Gi1/0/45_TRUNK Traffic
8482,(054) SW_TO_SW_10.252_Gi1/0/47(PO11) Traffic
8483,(055) SW_TO_SW_10.252_Gi1/0/48(PO11) Traffic
8484,(068) Port-channel11 Traffic
8579,(048) CDC104_RACK3_FW_60F_192.168.40.254_P-1 Traffic
8580,(010) COMTEL_FW_VLAN38/39_40.254_FW_P-4 Traffic
8581,(053) UPLINK_CDC104_R01_100.11.252_Gi1/0/45_TRUNK Traffic
8459,(008) UPLINK_192.168.40.253_GI1/0/31_TRUNK Traffic
8428,(010) UPLINK_TO_40.254_FW_P-4 Traffic
8432,(018) switch_10.100.11.52_mgmt_port Traffic
8433,(019) switch_10.100.11.54_mgmt_port Traffic
8434,(020) SW_10.100.11.41_Gi1/0/48 Traffic
8435,(021) SW_10.100.11.42_Gi1/0/48 Traffic
8436,(022) SW_10.100.11.43_Gi1/0/48 Traffic
8437,(023) SW_10.100.11.44_Gi1/0/48 Traffic
8438,(032) switch_11.52_Port-1/0/45_Traffic_VLANs Traffic
8439,(033) switch_11.54_Port-1/0/45_Traffic_VLANs Traffic
8440,(036) SERVER_192.168.99.100_LAN_Port1 Traffic
8441,(037) GigabitEthernet1/0/30 Traffic
8442,(038) UPLINK_TO_SW_10.100.13.56B_25GE2/0/1 Traffic
8443,(039) SERVER_192.168.99.103_LAN_Port3 Traffic
8445,(041) SERVER_99.101 Traffic
8446,(042) UPLINK_10.100.11.214_ET1/32 Traffic
8447,(043) GigabitEthernet1/0/36 Traffic
8448,(044) UPLINK_TO_10.100.11.249_Gi1/0/48 Traffic
8449,(045) ESXI_10.100.11.231_VMNIC0_VM_MGMT(Onboard_1st_port) Traffic
8450,(046) ESXI_10.100.11.231_VMNIC4(External_card_left_side_port) Traffic
8451,Secondary_Uplink_for_CDC-TP_to_TIPL-172.16.1.14_Port_30-VLAN-1140
8452,(048) CDC104_RACK4_FW_60F_192.168.40.254_P-2 Traffic
8453,(049) UPLINK_10.100.11.212_ET1/32 Traffic
8456,(053) UPLINK_CDC_104_R01_100.11.252_Gi1/0/46_TRUNK Traffic
8457,(054) SW_TO_SW_10.251_Gi1/0/47(PO11) Traffic
8458,(055) SW_TO_SW_10.251_Gi1/0/48(PO11) Traffic
8429,(100) Port-channel11 Traffic
8582,(010) COMTEL_FW_VLAN38/39_40.254_FW_P-4 Traffic
8583,(048) CDC104_RACK4_FW_60F_192.168.40.254_P-1 Traffic
8584,(053) UPLINK_CDC_104_R01_100.11.252_Gi1/0/46_TRUNK Traffic
9158,(004) MEth0/0/0 Traffic
9138,(015) 25GE1/0/11 Traffic srv_VSAN_10.100.32.11 vmNIC_2 Traffic
9141,(016) 25GE1/0/12 Traffic srv_VSAN_10.100.32.12 vmNIC_2 Traffic
9142,(017) 25GE1/0/13 Traffic srv_VSAN_10.100.32.13 vmNIC_2 Traffic
9143,(018) 25GE1/0/14 Traffic srv_VSAN_10.100.32.14 vmNIC_ Traffic
9144,(019) vSAN_SERVER_10.100.33.11_VMNIC Traffic
9145,(020) vSAN_SERVER_10.100.33.12_VMNIC Traffic
9146,(021) vSAN_SERVER_10.100.33.13_VMNIC Traffic
9147,(022) vSAN_SERVER_10.100.33.14_VMNIC Traffic
9148,(023) vSAN_SERVER_10.100.33.15_VMNIC Traffic
9149,(029) 25GE1/0/25 Traffic srv_Vmotion_10.100.32.11 vmNIC_3 Traffic
9150,(030) 25GE1/0/26 Traffic srv_Vmotion_10.100.32.12 vmNIC_3 Traffic
9151,(031) 25GE1/0/27 Traffic srv_Vmotion_10.100.32.13 vmNIC_3 Traffic
9152,(032) 25GE1/0/28 Traffic srv_Vmotion_10.100.32.14 vmNIC_ Traffic
9153,(033) vMotion_vBackup_SERVER_10.100.33.11_VMNIC Traffic
9154,(034) vMotion_vBackup_SERVER_10.100.33.12_VMNIC Traffic
9155,(035) vMotion_vBackup_SERVER_10.100.33.13_VMNIC Traffic
9156,(036) vMotion_vBackup_SERVER_10.100.33.14_VMNIC Traffic
9157,(037) vMotion_vBackup_SERVER_10.100.33.15_VMNIC Traffic
9159,(053) 100GE1/0/1 Traffic
9160,(054) 100GE1/0/2 Traffic
9161,(055) 100GE1/0/3 Traffic
9162,(056) 100GE1/0/4 Traffic
9163,(060) 100GE1/0/8 Traffic
9164,(061) Stack-Port1/1 Traffic
9165,(073) 25GE2/0/11 Traffic srv_VSAN_10.100.32.11 VMNIC_6 Traffic
9166,(074) 25GE2/0/12 Traffic srv_VSAN_10.100.32.12_VMNIC_6 Traffic
9167,(075) 25GE2/0/13 Traffic srv_VSAN_10.100.32.13_VMNIC_6 Traffic
9168,(076) 25GE2/0/14 Traffic srv_VSAN_10.100.32.14 vmNIC_ Traffic
9169,(077) vSAN_SERVER_10.100.33.11_VMNIC Traffic
9170,(078) vSAN_SERVER_10.100.33.12_VMNIC Traffic
9171,(079) vSAN_SERVER_10.100.33.13_VMNIC Traffic
9172,(080) vSAN_SERVER_10.100.33.14_VMNIC Traffic
9173,(081) vSAN_SERVER_10.100.33.15_VMNIC Traffic
9174,(087) 25GE2/0/25 Traffic srv_Vmotion_10.100.32.11 vmNIC_7 Traffic
9175,(088) 25GE2/0/26 Traffic srv_Vmotion_10.100.32.12 vmNIC_7 Traffic
9176,(089) 25GE2/0/27 Traffic srv_Vmotion_10.100.32.13 vmNIC_7 Traffic
9177,(090) 25GE2/0/28 Traffic srv_Vmotion_10.100.32.14 vmNIC_ Traffic
9178,(091) vMotion_vBackup_SERVER_10.100.33.11_VMNIC Traffic
9179,(092) vMotion_vBackup_SERVER_10.100.33.12_VMNIC Traffic
9180,(093) vMotion_vBackup_SERVER_10.100.33.13_VMNIC Traffic
9181,(094) vMotion_vBackup_SERVER_10.100.33.14_VMNIC Traffic
9182,(095) vMotion_vBackup_SERVER_10.100.33.15_VMNIC Traffic
9117,(111) 100GE2/0/1 Traffic
9118,(112) 100GE2/0/2 Traffic
9119,(113) 100GE2/0/3 Traffic
9120,(114) 100GE2/0/4 Traffic
9121,(125) vSAN_SERVER_10.100.33.13 Traffic
9122,(126) vSAN_SERVER_10.100.33.14 Traffic
9123,(127) vSAN_SERVER_10.100.33.15 Traffic
9124,(133) Vlanif103 Traffic
9125,(135) vMotion_vBackup_SERVER_10.100.32.11 Traffic
9126,(136) vMotion_vBackup_SERVER_10.100.32.13 Traffic
9127,(137) vMotion_vBackup_SERVER_10.100.32.14 Traffic
9128,(138) vMotion_vBackup_SERVER_10.100.32.12 Traffic
9129,(139) vSAN_SERVER_10.100.32.13 Traffic
9130,(140) vSAN_SERVER_10.100.32.14 Traffic
9131,(141) vSAN_SERVER_10.100.33.11 Traffic
9132,(143) vMotion_vBackup_SERVER_10.100.33.11 Traffic
9133,(144) vMotion_vBackup_SERVER_10.100.33.12 Traffic
9134,(145) vMotion_vBackup_SERVER_10.100.33.13 Traffic
9135,(146) vSAN_SERVER_10.100.33.12 Traffic
9136,(147) vSAN_SERVER_10.100.32.11 Traffic
9137,(148) vSAN_SERVER_10.100.32.12 Traffic
9139,(150) vMotion_vBackup_SERVER_10.100.33.14 Traffic
9140,(151) vMotion_vBackup_SERVER_10.100.33.15 Traffic
9233,(004) MEth0/0/0 Traffic
9235,(005) UPLINK_TO_192.168.99.251_G1/0/31 Traffic
9202,(015) SERVER_10.100.31.11_VMNIC10 Traffic
9210,(016) SERVER_10.100.31.12_VMNIC10 Traffic
9212,(017) SERVER_10.100.31.13_VMNIC10 Traffic
9213,(018) SERVER_10.100.31.14_VMNIC10 Traffic
9214,(019) SERVER_10.100.31.15_VMNIC10 Traffic
9215,(020) SERVER_10.100.31.16_VMNIC10 Traffic
9216,(021) SERVER_10.100.31.17_VMNIC4 Traffic
9217,(022) SERVER_10.100.31.18_VMNIC Traffic
9218,(023) SERVER_10.100.31.19_VMNIC4 Traffic
9222,(029) SERVER_10.100.31.11_VMNIC11 Traffic
9223,(030) SERVER_10.100.31.12_VMNIC11 Traffic
9224,(031) SERVER_10.100.31.13_VMNIC11 Traffic
9225,(032) SERVER_10.100.31.14_VMNIC11 Traffic
9226,(033) SERVER_10.100.31.15_VMNIC11 Traffic
9227,(034) SERVER_10.100.31.16_VMNIC11 Traffic
9228,(035) SERVER_10.100.31.17_VMNIC5 Traffic
9229,(036) SERVER_10.100.31.18_VMNIC Traffic
9230,(037) SERVER_10.100.31.19_VMNIC Traffic
9236,"(051) ""Eth-Trunk-SRV_10.100.103.62_vBackup"" Traffic"
9237,"(052) ""Eth-Trunk-SRV_10.100.103.61_vBackup"" Traffic"
9238,(053) 100GE1/0/1 Traffic
9239,(054) 100GE1/0/2 Traffic
9240,(055) 100GE1/0/3 Traffic
9241,(056) 100GE1/0/4 Traffic
9242,(060) 100GE1/0/8 Traffic
9243,(061) Stack-Port1/1 Traffic
9244,(063) UPLINK_TO_192.168.99.252_G1/0/31 Traffic
9245,(073) SERVER_10.100.31.11_VMNICxx Traffic
9246,(074) SERVER_10.100.31.12_VMNICXX Traffic
9247,(075) SERVER_10.100.31.13_VMNICXX Traffic
9248,(076) SERVER_10.100.31.14_vmNIC-12 Traffic
9249,(077) SERVER_10.100.31.15_VMNIC12 Traffic
9250,(078) SERVER_10.100.31.16_VMNIC12 Traffic
9251,(079) SERVER_10.100.31.17_VMNICXX Traffic
9252,(080) SERVER_10.100.31.18_VMNICXX Traffic
9253,(081) SERVER_10.100.31.19_VMNIC6 Traffic
9257,(087) SERVER_10.100.31.11_VMNIC8 Traffic
9258,(088) 25GE2/0/26 Traffic
9259,(089) 25GE2/0/27 Traffic
9260,(090) SERVER_10.100.31.14_vmNIC-13 Traffic
9261,(091) SERVER_10.100.31.15_VMNIC13 Traffic
9262,(092) SERVER_10.100.31.16_VMNIC13 Traffic
9263,(093) SERVER_10.100.31.17_VMNIC7 Traffic
9264,(094) SERVER_10.100.31.18_VMNIC Traffic
9265,(095) SERVER_10.100.31.19_VMNIC Traffic
9183,(129) Vlanif103 Traffic
9184,(130) SERVER_10.100.31.17_VLAN_102&103 Traffic
9185,(131) SERVER_10.100.31.19_VLAN_102&103 Traffic
9186,(133) SERVER_10.100.31.18_VLAN_102&103 Traffic
9187,(134) SERVER_10.100.31.11_VLAN_102&103 Traffic
9188,(135) SERVER_10.100.31.12_VLAN_102&103 Traffic
9189,(136) SERVER_10.100.31.13_VLAN_102&103 Traffic
9190,(137) SERVER_10.100.31.13_VLAN_101 Traffic
9191,(138) SERVER_10.100.31.14_VLAN_101 Traffic
9192,(139) SERVER_10.100.31.15_VLAN_101 Traffic
9193,(140) SERVER_10.100.31.14_VLAN_102&103 Traffic
9194,(141) SERVER_10.100.31.17_VLAN_101 Traffic
9196,(143) SERVER_10.100.31.12_VLAN_101 (tmp) Traffic
9197,(145) SERVER_10.100.31.13_VLAN_101 (tmp) Traffic
9198,(146) SERVER_10.100.31.15_VLAN_102&103 Traffic
9204,(151) SERVER_10.100.31.16_VLAN_102&103 Traffic
9205,(155) SERVER_10.100.31.11_VLAN_101 Traffic
9206,(156) SERVER_10.100.31.12_VLAN_101 Traffic
9207,(157) SERVER_10.100.31.16_VLAN_101 Traffic
9208,"(158) ""Eth-Trunk-SRV_10.100.103.62_vBackup"" Traffic"
9209,"(159) ""Eth-Trunk-SRV_10.100.103.61_vBackup"" Traffic"
10513,(10101) UPLINK_CONNECTED_TO_ANISHA_MT Traffic
10514,(10102) UPLINK_CONNECTED_TO_COMPETENT_MT Traffic
10515,(10110) UPLINK_TO_SW192.168.54.253 Traffic
10516,(10121) UPLINK_MASTER_SW_10.3.54.253(45) Traffic
10517,(10123) UPLINK_FROM_MATHISYS_50.254_G25 Traffic
10518,(10127) UPLINK_TO_COMPOSITE_QI_CAP2_10.16.1.253_P23 Traffic
10519,(10130) UPLINK_TO_10.100.11.203_Et1/30_VM_SW Traffic
10520,(10131) UPLINK_CONNECTED_TO_172.60.60.193_PORT3 Traffic
10521,(10132) UPLINK_CONNECTED_TO_172.60.60.193_PORT4 Traffic
10522,(10133) UPLINK_CONNECTED_TO_172.60.60.195_PORT8 Traffic
10523,(10135) UPLINK_CONNECTED_TO_172.60.60.191_PORT5 Traffic
10524,(5001) PO_BETWEEN_60.142/60.141 Traffic
10526,(10101) UPLINK_TO_SAMDHYAN_SRV_10.3.58.11 Traffic
10527,(10106) UPLINK_TO_PMSEC_SW_P-gi4_104/R7 Traffic
10529,(10109) UPLINK_TO_PARASRAM_MT_P-1_105/R3 Traffic
10530,(10121) UPLINK_MASTER_SW_10.3.54.253(46) Traffic
10531,(10123) UPLINK_FROM_MATHISYS_50.254_G26 Traffic
10532,(10127) UPLINK_TO_COMPOSITE_QI_CAP2_10.16.1.253_P23 Traffic
10533,(10130) UPLINK_TO_10.100.11.204_Et1/30_VM_SW Traffic
10534,(10131) UPLINK_CONNECTED_TO_172.60.60.194_PORT3 Traffic
10535,(10132) UPLINK_CONNECTED_TO_172.60.60.194_PORT4 Traffic
10536,(10133) UPLINK_CONNECTED_TO_172.60.60.196_PORT8 Traffic
10537,(10135) UPLINK_CONNECTED_TO_172.60.60.192_PORT5 Traffic
10538,(5001) PO_BETWEEN_60.142/60.141 Traffic
10540,(10101) UPLINK_TO_INTEGRATED_MASTER_103.253_Gi0/24 Traffic
10541,(10102) UPLINK_PACE_SW_172.30.108.253_Gi24 Traffic
10542,(10103) UPLINK_TO_ADROIT_82.253_G0/24 Traffic
10543,(10140) UPLINK_TO_10.100.11.205_Et1/40_VM_SW Traffic
10544,(10141) UPLINK_CONNECTED_TO_172.60.60.191_PORT3 Traffic
10545,(10142) UPLINK_CONNECTED_TO_172.60.60.193_PORT7 Traffic
10546,(10143) UPLINK_CONNECTED_TO_172.60.60.195_PORT9 Traffic
10547,(10144) UPLINK_CONNECTED_TO_172.60.60.195_PORT11 Traffic
10603,(10105) MOTILAL_CDC101_R9_192.168.251.254 Traffic
10607,(10102) UPLINK_PACE_SW_172.30.108.253_Gi24 Traffic
10549,(10141) UPLINK_CONNECTED_TO_172.60.60.192_PORT3 Traffic
10550,(10142) UPLINK_CONNECTED_TO_172.60.60.194_PORT7 Traffic
10551,(10143) UPLINK_CONNECTED_TO_172.60.60.196_PORT9 Traffic
10552,(10144) UPLINK_CONNECTED_TO_172.60.60.196_PORT11 Traffic
10604,(10105) MOTILAL_CDC101_R9_192.168.251.254 Traffic
10637,(10101) BASEMENT_UPLINK_MGMT60 Traffic
10638,(10131) UPLINK 60.233_p-42 Traffic
10639,(10144) TIKONA_MGMT_172.16.X.X_SW_172.16.1.1_Eth1/30 Traffic
10640,(10145) UPLINK_CDC104_192.168.99.251_gi1/0/45 Traffic
10641,(10146) UPLINK_CDC104_192.168.99.252_gi1/0/45 Traffic
10642,(10147) UPLINK_TO_10.100.11.206_ETH1/41 Traffic
10643,(10148) UPLINK_TO_10.100.11.205_ETH1/41 Traffic
10855,(10101) UPLINK_FROM_40.252_PORT_13 Traffic
7327,(436297728) Uplink_to_Shared_Switch_11.242 Traffic
7328,(436301824) Uplink_to_Shared_Switch_11.242 Traffic
7329,(436305920) UPLINK_TO_50.253_Gi0/5 Traffic
7330,(436310016) UPLINK_TO_FW_191_P-9 Traffic
7331,(436318208) UPLINK_172.60.60.191_Port10 Traffic
7332,(436330496) COMTEL_FW_195_FW_P-20(CDC105_R5)_LAN Traffic
7333,(436334592) COMTEL_FW_195_FW_P-18(CDC105_R6)_LAN Traffic
7334,(436350976) UPLINK_TO_FW_191_P-6 Traffic
10381,(436404224) 11.211_Eth2/1 Traffic
10382,(436408320) 11.212_Eth2/1 Traffic
10383,(436412416) 11.213_ETH1/21 Traffic
10384,(436416512) 11.214_ETH1/21 Traffic
7402,(436297728) Uplink_to_Shared_Switch_11.242 Traffic
7403,(436301824) Uplink_to_Shared_Switch_11.242 Traffic
7404,(436305920) UPLINK_TO_50.253_Gi0/6 Traffic
7405,(436310016) UPLINK_TO_FW_192_P-9 Traffic
7406,(436318208) UPLINK_172.60.60.191_Port10 Traffic
7407,(436330496) COMTEL_FW_196_FW_P-20(CDC105_R6)_LAN Traffic
7408,(436334592) COMTEL_FW_196_FW_P-18(CDC105_R6)_LAN Traffic
7383,(436404224) UPLINK_CONNECTED_TO_11.211_ETH2/3 Traffic
7384,(436408320) UPLINK_CONNECTED_TO_11.212_ETH2/3 Traffic
7385,(436412416) UPLINK_CONNECTED_TO_11.213_ETH1/23 Traffic
7386,(436416512) UPLINK_CONNECTED_TO_11.214_ETH1/23 Traffic
7414,(436326400) UPLINK_TO_60.142_DIRECT+VM_CUSTOMER Traffic
7415,(436330496) FGT_60.194_Port1 Traffic
7416,(436334592) FGT_60.194_Port2 Traffic
7417,(436338688) FGT_60.194_Port5 Traffic
7423,(369098956) CONNECTED_TO_VPC_SW Traffic
7424,(436330496) UPLINK_FG100F_40.91_HA_40.91_LAN1 Traffic
7425,(436334592) UPLINK_FG100F_40.91_HA_40.91_LAN2 Traffic
7426,UPLINK_TO_172.60.60.143_Gi1/0/40 Traffic
7428,UPLINK_TO_40.253_GI1/0/35 Traffic
7429,UPLINK_CONNECTED_TO_11.211_ETH2/5 Traffic
7430,UPLINK_CONNECTED_TO_11.212_ETH2/5 Traffic
7431,UPLINK_CONNECTED_TO_11.213_ETH1/25 Traffic
7432,UPLINK_CONNECTED_TO_11.214_ETH1/25 Traffic
8921,FINDOC_NSE_COLO_172.16.1.11_PORT12 Traffic
10563,(369098957) CONNECTED_TO_VPC_SW Traffic
10564,(436330496) UPLINK_FG100F_40.92_HA_40.91_LAN1 Traffic
10565,(436334592) UPLINK_FG100F_40.92_HA_40.91_LAN2 Traffic
10566,(436367360) UPLINK_TO_172.60.60.144_Gi1/0/40 Traffic
10567,(436391936) UPLINK_TO_40.253_GI1/0/36 Traffic
10568,(436404224) UPLINK_CONNECTED_TO_11.211_ETH2/6 Traffic
10569,(436408320) UPLINK_CONNECTED_TO_11.212_ETH2/6 Traffic
10570,(436412416) UPLINK_CONNECTED_TO_11.213_ETH1/26 Traffic
10571,(436416512) UPLINK_CONNECTED_TO_11.214_ETH1/26 Traffic
7520,(436207616) PO1_Vcenter04 Traffic
7521,(436211712) PO2_Vcenter04 Traffic
7522,(436215808) PO3_Vcenter04 Traffic
7523,(436219904) PO4_Vcenter04 Traffic
7524,(436224000) PO5_Vcenter05 Traffic
7525,(436228096) PO6_Vcenter05 Traffic
7526,(436232192) PO7_Vcenter05 Traffic
7527,(436236288) PO8_Vcenter05 Traffic
7528,(436240384) PO9_Vcenter05 Traffic
7529,(436334592) UPLINK_TO_99.251_Gi1/0/42 Traffic
7530,(436731904) UPLINK_TO_11.201_Eth1/49 Traffic
7531,(436736000) UPLINK_TO_11.202_Eth1/49 Traffic
7532,(436740096) UPLINK_TO_11.203_Eth1/49 Traffic
7533,(436744192) UPLINK_TO_11.204_Eth1/49 Traffic
7534,(436748288) UPLINK_TO_11.205_Eth1/49 Traffic
7535,(436752384) UPLINK_TO_11.206_Eth1/49 Traffic
7536,(436789248) SW_TO_SW_11.211 & 11.212 Eth1/15 Traffic
7537,(436793344) SW_TO_SW_11.211 & 11.212 Eth1/16 Traffic
7502,(436207616) PO1_Vcenter04 Traffic
7503,(436211712) PO2_Vcenter04 Traffic
7504,(436215808) PO3_Vcenter04 Traffic
7505,(436219904) PO4_Vcenter04 Traffic
7506,(436224000) PO5_Vcenter05 Traffic
7507,(436228096) PO6_Vcenter05 Traffic
7508,(436232192) PO7_Vcenter05 Traffic
7509,(436236288) PO8_Vcenter05 Traffic
7510,(436240384) PO9_Vcenter05 Traffic
7511,(436334592) UPLINK_TO_99.252_Gi1/0/42 Traffic
7512,(436731904) UPLINK_TO_11.201_Eth1/50 Traffic
7513,(436736000) UPLINK_TO_11.202_Eth1/50 Traffic
7514,(436740096) UPLINK_TO_11.203_Eth1/50 Traffic
7515,(436744192) UPLINK_TO_11.204_Eth1/50 Traffic
7516,(436748288) UPLINK_TO_11.205_Eth1/50 Traffic
7517,(436752384) UPLINK_TO_11.206_Eth1/50 Traffic
7518,(436789248) SW_TO_SW_11.211 & 11.212 Eth1/15 Traffic
7519,(436793344) SW_TO_SW_11.211 & 11.212 Eth1/16 Traffic
7562,(436207616) SRV_10.100.31.11_vmNIC-2 Traffic
7563,(436211712) SRV_10.100.31.12_vmNIC-2 Traffic
7564,(436215808) SRV_10.100.31.13_vmNIC-2 Traffic
7565,(436219904) SRV_10.100.31.14_vmNIC-2 Traffic
7566,(436224000) SRV_10.100.31.15_vmNIC-2 Traffic
7567,(436228096) SRV_10.100.31.16_vmNIC-2 Traffic
7568,(436232192) SRV_10.100.31.17 Traffic
7569,(436236288) SRV_10.100.31.18 Traffic
7570,(436240384) SRV_10.100.31.19 Traffic
7574,(436289536) SW_10.201_Eth1/51 Traffic
7575,(436293632) SW_10.202_Eth1/51 Traffic
7576,(436297728) SW_10.203_Eth1/51 Traffic
7577,(436301824) SW_10.204_Eth1/51 Traffic
7578,(436305920) SW_10.205_Eth1/51 Traffic
7579,(436310016) SW_10.206_Eth1/51 Traffic
7580,(436322304) UPLINK_TO_99.251_Gi1/0/35 Traffic
7581,(436330496) SW_11.214_ETH1/31 Traffic
7582,(436334592) SW_11.214_ETH1/32 Traffic
7588,(436207616) SRV_10.100.31.11_vmNIC-6 Traffic
7589,(436211712) SRV_10.100.31.12_vmNIC-6 Traffic
7590,(436215808) SRV_10.100.31.13_vmNIC-6 Traffic
7591,(436219904) SRV_10.100.31.14_vmNIC-6 Traffic
7592,(436224000) SRV_10.100.31.15_vmNIC-6 Traffic
7593,(436228096) SRV_10.100.31.16_vmNIC-6 Traffic
7594,(436232192) SRV_10.100.31.17 Traffic
7595,(436236288) SRV_10.100.31.18 Traffic
7596,(436240384) SRV_10.100.31.19 Traffic
7600,(436289536) SW_10.201_Eth1/52 Traffic
7601,(436293632) SW_10.202_Eth1/52 Traffic
7602,(436297728) SW_10.203_Eth1/52 Traffic
7603,(436301824) SW_10.204_Eth1/52 Traffic
7604,(436305920) SW_10.205_Eth1/52 Traffic
7605,(436310016) SW_10.206_Eth1/52 Traffic
7606,(436322304) UPLINK_TO_99.252_Gi1/0/35 Traffic
7607,(436330496) SW_11.213_ETH1/31 Traffic
7608,(436334592) SW_11.213_ETH1/32 Traffic
4518,(002) mgmt Traffic
4526,(003) wan1 Traffic
4530,(004) wan2 Traffic
4531,(005) ha1 Traffic
4532,(006) ha2 Traffic
4524,(028) CDC104/105_DIRECT_CUSTOME Traffic
4527,(030) DC_101_60.143 & 144_Gi41 Traffic
10378,(051) GRD_LAN Traffic
10379,(052) GRD_WAN Traffic
10735,(025) RAGHU_LAN1 Traffic
4533,(002) mgmt Traffic
4540,(003) wan1 Traffic
4544,(004) wan2 Traffic
4545,(005) ha1 Traffic
4546,(006) ha2 Traffic
4541,(030) DC_101_60.143 & 144_Gi41 Traffic
4552,(002) mgmt Traffic
4553,(003) wan1 Traffic
4554,(004) wan2 Traffic
4555,(006) ha2 Traffic
4556,(007) 1-VM_CUSTOMER Traffic
4557,(008) 2-DIRECT CUSTOMER Traffic
4558,(009) 3-DIRECT CUSTOMER Traffic
4547,(010) 4-DIRECT CUSTOMER Traffic
4548,(011) 5-VM_11.203 & 204_33 Traffic
4549,(013) SW_172.60.60.143/144_P-42 Traffic
4564,(002) mgmt Traffic
4565,(003) wan1 Traffic
4566,(004) wan2 Traffic
4567,(005) ha1 Traffic
4568,(006) ha2 Traffic
4569,(007) 1-VM_CUSTOMER Traffic
4570,(008) 2-DIRECT CUSTOMER Traffic
4571,(009) 3-DIRECT CUSTOMER Traffic
4559,(010) 4-DIRECT CUSTOMER Traffic
4560,(011) 5-VM_11.203 & 204_33 Traffic
4561,(013) SW_172.60.60.143/144_P-42 Traffic
4579,(002) mgmt Traffic
4589,(005) ha1 Traffic
4590,(006) ha2 Traffic
4578,(019) UPLINK_TO_231/232_Gi0/32 Traffic
4580,(020) UPLINK _TO_141/142_Gi0/33 Traffic
4581,(021) SW_172.60.60.143/144_P-43 Traffic
4583,(029) WAN_60.237_P-26 Traffic
4585,(030) SW_11.201_VM_SW_P-32_LAN Traffic
4586,(031) SW_60.238_P-25_WAN Traffic
4587,(032) SW_11.202_VM_SW_P-31_LAN Traffic
4598,(002) mgmt Traffic
4608,(005) ha1 Traffic
4609,(006) ha2 Traffic
4597,(019) UPLINK_TO_231/232_Gi0/32 Traffic
4599,(020) UPLINK _TO_141/142_Gi0/33 Traffic
4600,(021) SW_172.60.60.143/144_P-43 Traffic
4602,(029) WAN_60.237_P-26 Traffic
4604,(030) SW_11.201_VM_SW_P-32_LAN Traffic
4605,(031) SW_60.238_P-25_WAN Traffic
4606,(032) SW_11.202_VM_SW_P-31_LAN Traffic
4700,(001) NAVIA_WAN Traffic
4703,(002) ASHLAR_WAN Traffic
4704,(003) a Traffic
4705,(004) b Traffic
4706,(007) NAVIA_LAN Traffic
4701,(013) ASHLAR_LAN Traffic
4702,(014) internal1 Traffic
4634,(001) NAVIA_WAN Traffic
4637,(002) ASHLAR_WAN Traffic
4638,(007) NAVIA_LAN Traffic
4639,(009) LAN_60 Traffic
4635,(013) ASHLAR_LAN Traffic
4636,(014) internal1 Traffic
8525,(001) WAN Traffic
8526,(002) WAN Traffic
8527,(003) TIKONA_LAN Traffic
8528,(005) COMTEL_LAN60 Traffic
8529,(006) COMTEL_LAN40 Traffic
8530,(007) UPLINK_TO_99.251/252_P-3 Traffic
11401,(052) UPLINK_TO_ME3600_99.236_SW_G0/0/3 Traffic
11312,UPLINK_FOR_SFT203_10.100.11.203_ETH1/1 Traffic
11403,(052) UPLINK_TO_ME3600_99.236_SW_G0/0/2 Traffic
11404,(053) UPLINK_TO_ME3600_99.237_SW_G0/0/2 Traffic
11494,(017) ROUTER_4331_GE0/0/2_TO_TCL_MUX_(JP105)_10.23.26.60_PORT_1-2-6 Traffic
11348,(001) TIKONA_UPLINK Traffic
11349,(002) UPLINK_TO_RTR_99.237_G0/0/1 Traffic
11350,(003) UPLINK_TO_99.235_G0/0/47 Traffic
11351,(004) UPLINK_TO_99.234_G0/0/47 Traffic
11361,(001) AIRTEL_UPLINK Traffic
11362,(002) UPLINK_TO_RTR_99.236_G0/0/1 Traffic
11363,(003) UPLINK_TO_99.235_G0/0/48 Traffic
11364,(004) UPLINK_TO_99.234_G0/0/48 Traffic
10590,(001) lo Traffic
10591,(002) ens33 Traffic
7110,LAN Traffic (10.100.103.21)
7066,LAN Traffic (10.100.103.61)
11133,(001) lo Traffic
11046,bond0 (10.100.103.62) Traffic
7080,LAN Traffic (10.111.103.61)
11130,(001) lo Traffic
11059,bond0 (10.111.103.62) Traffic
11065,(009) bond0 Traffic
11318,(010) bond0 Traffic
9425,POINT_TO_POINT_TIKONA_11.11_PORT13 Traffic
9426,UPLINK_TO_SW_192.168.101.239_PORT24 Traffic
9605,SERVER_5_PAISA_20DEPTH_10.11.2.11_PORT2 Traffic
9960,POINT_TO_POINT_TIKONA_11.11_PORT13 Traffic
9962,UPLINK_TO_SW_192.168.101.239_PORT24 Traffic
9963,UPLINK_TO_245FW_SFT203_VLAN Traffic
9964,UPLINK_TO_101.251_L3_SW_Gi1/0/21 Traffic
9965,UPLINK_TO_10.112.11.207_PORT48 Traffic
9961,UPLINK_FORTIGATE_10.112.11.245_PORT4 Traffic
9427,(10123) AIRTEL_P2P Traffic
9428,(10124) UPLINK_TO_SW_192.168.101.240_PORT24_PO Traffic
9966,(001) AIRTEL_P2P Traffic
9968,(002) UPLINK_TO_SW_192.168.101.240_PORT24_PO Traffic
9969,(007) UPLINK_TO_246FW_SFT203_VLAN Traffic
9970,(008) UPLINK_TO_101.252_L3_SW_Gi1/0/21 Traffic
9971,(009) UPLINK_TO_10.112.11.208_PORT48 Traffic
9967,(010) UPLINK_FORTIGATE_10.112.11.246_PORT4 Traffic
10011,(001) POINT_TO_POINT_TIKONA_4.5_ Traffic
10012,(002) UPLINK_TO_10.244_gi0/24 Traffic
10013,(003) UPLINK_TO_10.249_Gi1/0/45 Traffic
10015,(005) UPLINK_TO_10.253_Gi1/0/47 Traffic
10016,(009) UPLINK_AT7_172.16.99.211_Eth1/28 Traffic
10017,(001) AIRTEL_P2P Traffic
10018,(002) UPLINK_TO_10.243_Gi0/24 Traffic
10020,(004) UPLINK_TO_10.250_Gi1/0/46 Traffic
10021,(005) UPLINK_TO_10.253_Gi1/0/48 Traffic
10022,(009) UPLINK_AT7_172.16.99.212_Eth1/28 Traffic
10002,(10144) UPLINK_TO_AT7_10.248_Gi1/0/43 Traffic
10003,(10145) UPLINK_TO_RTR_10.243_Gi0/1/0 Traffic
10005,(10147) UPLINK_TO_SW_10.249_Gi1/0/47 Traffic
10006,(10148) UPLINK_TO_SW_10.249_Gi1/0/48 Traffic
10023,(10144) UPLINK_TO_AT7_10.248_Gi1/0/44 Traffic
10025,(10146) UPLINK_TO_RTR_10.244_Gi0/1/1 Traffic
10026,(10147) UPLINK_TO_SW_10.250_Gi1/0/47 Traffic
10027,(10148) UPLINK_TO_SW_10.250_Gi1/0/48 Traffic
10052,NSE_BGP_SEC_INP Traffic
10053,(436355072) NSE_BGP_PRI_INP Traffic
10054,(436391936) Ethernet1/46 Traffic
10055,UPLINK_RACK_AT7_10.11_eth1/29 Traffic
10056,(436400128) UPLINK_RACK_AT7_10.12_eth1/29 Traffic
10634,(436379648) Ethernet1/43 Traffic
10635,(436383744) Ethernet1/44 Traffic
10080,(83886080) mgmt0 Traffic
10630,(436355072) NSE_BGP_SEC_INP Traffic
10631,(436379648) Ethernet1/43 Traffic
10632,(436383744) Ethernet1/44 Traffic
10633,(436400128) UPLINK_RACK_AT7_10.11_eth1/29 Traffic
10071,(10145) 10G_SW_10.251_MGMT Traffic
10072,(10146) 10G_SW_10.252_MGMT Traffic
10073,(10147) UPLINK_TO_RTR_10.243_Gi0/1/2 Traffic
10074,(10148) UPLINK_TO_RTR_10.244_Gi0/1/2 Traffic
10447,(010) Vlan10 Traffic
10460,(10124) UPLINK_TO_NEXUS_172.16.99.211_port Eth1/30 Traffic
10461,(1453) Vlan1453 Traffic
9581,UPLINK_TO_10.243_Gi0/21 Traffic
9582,(436322304) UPLINK_AB18_10.252_eth1/47 Traffic
9583,(436326400) UPLINK_AT7_10.248_Gi1/0/47 Traffic
9586,(436318208) UPLINK_TO_10.244_Gi0/21 Traffic
9587,(436322304) UPLINK_AB18_10.252_eth1/48 Traffic
