ID,Device Name
8193,{mgmt-tp-192-168-101-252} (192.168.101.252) [CISCO--WS-C3850-48P] @Rack_L15 [TP-GF]
10705,{asr-wr-jp-172-60-60-221} (172.60.60.221) [ASR1002-X Chassis] @Rack_05 [CDC-105]
9966,{TP-CAAS-101-244} (192.168.101.244)(SECONDARY_ROUTER)[Cisco C1111-8P Chassis] @Rack_XX
10017,{SFT-CAAS-10-244} (192.168.10.244)(SECONDARY_ROUTER)[Cisco C1111-8P Chassis] @Rack_SFT_AB18
9930,{BKC-ISP-WR-40-250} (121.241.40.250) [RB1100x4] @Rack_ [ ]
10968,{isp-wr-gc-192-168-100-223} (192.168.100.223) [MK-CCRS317-1G-16S+] @
11001,{isp-wr-gc-192-168-100-224} (192.168.100.224) [MK-CRS317-1G-16S+] @
10590,192.168.101.42
2718,{fwp-tp-10-112-11-241} (10.112.11.241) [FortiGate-200F] @Rack_L16  [TP-GF]
2729,{fws-tp-10-112-11-242} (10.112.11.242) [FortiGate-200F] @Rack_L15  [TP-GF]
2751,{fwp-tp-10-112-11-245} (10.112.11.245) [FortiGate-200F] @Rack_K13  [TP-GF]
2761,{fws-tp-10-112-11-246} (10.112.11.246) [FortiGate-200F] @Rack_L15  [TP-GF]
4622,{fwp-gc-10-111-11-243} (10.111.11.243) [FortiGate-200F] @Rack_XX
4628,{fws-gc-10-111-11-244} (10.111.11.244) [FortiGate-200F] @Rack_XX
9772,(fwp-tp-10-112-11-247)(10.112.11.247) [FortiGate-200F] @Rack_ [  ]
9778,(fwp-tp-10-112-11-247)(10.112.11.247) [FortiGate-200F] @Rack_ [  ]
7945,{isp-gc-192-168-100-247} (192.168.100.247) [EdgeCoreS5520-18X] @Rack_D2
4634,{fws-jp-172-60-60-22} (172.60.60.22) [FortiGate-80F] @Rack_03 [CDC-105]
4700,{fwp-jp-172-60-60-21} (172.60.60.21) [FortiGate-80F] @Rack_02 [CDC-105]
10011,{SFT-CAAS-10-243} (192.168.10.243)(PRIMARY_ROUTER)[Cisco C1111-8P Chassis] @Rack_SFT_AB18
3898,{mgmt-tp-10-112-11-202} (10.112.11.202) [CISCO-WS-C3750X-48P] @Rack_L15 [TP-GF]
10862,{storage-tp-10-112-11-213} (10.112.11.213) [EdgeCore_AS7712-32X] @Rack_L16  [TP-GF]
10868,{storage-cdc-tp-10-112-11-214} (10.112.11.214) [EdgeCore_AS7712-32X] @Rack_L15  [TP-GF]
8525,{fwp-jp-192-168-40-254} (192.168.40.254) [Fortigate-60F] @Rack_03/04 [CDC 104]
7705,{fwp-gc-192-168-100-1} (192.168.100.1) [FortiGate-100F] @Rack_XX
4637,{fws-jp-172-60-60-22} (172.60.60.22) [FortiGate-80F] @Rack_03 [CDC-105]
4703,{fwp-jp-172-60-60-21} (172.60.60.21) [FortiGate-80F] @Rack_02 [CDC-105]
10591,192.168.101.42
2752,{fwp-tp-10-112-11-245} (10.112.11.245) [FortiGate-200F] @Rack_K13  [TP-GF]
2762,{fws-tp-10-112-11-246} (10.112.11.246) [FortiGate-200F] @Rack_L15  [TP-GF]
4624,{fwp-gc-10-111-11-243} (10.111.11.243) [FortiGate-200F] @Rack_XX
4630,{fws-gc-10-111-11-244} (10.111.11.244) [FortiGate-200F] @Rack_XX
9775,(fwp-tp-10-112-11-247)(10.112.11.247) [FortiGate-200F] @Rack_ [  ]
9779,(fwp-tp-10-112-11-247)(10.112.11.247) [FortiGate-200F] @Rack_ [  ]
4518,{fwp-jp-172-60-60-191} (172.60.60.191) [FortiGate-100F] @Rack_05 [CDC-105]
4533,{fws-jp-172-60-60-192} (172.60.60.192) [FortiGate-100F] @Rack_06 [CDC-105]
4552,{fwp-jp-172-60-60-193} (172.60.60.193) [FortiGate-100F] @Rack_05 [CDC-105]
4564,{fws-jp-172-60-60-194} (172.60.60.194) [FortiGate-100F] @Rack_06 [CDC-105]
4579,{fwp-jp-172-60-60-195} (172.60.60.195) [FortiGate-100F] @Rack_05 [CDC-105]
4598,{fws-jp-172-60-60-196} (172.60.60.196) [FortiGate-100F] @Rack_06 [CDC-105]
4610,{fwp-gc-10-111-11-241} (10.111.11.241) [FortiGate-100F] @Rack_XX
4616,{fws-gc-10-111-11-242} (10.111.11.242) [FortiGate-100F] @Rack_XX
4643,{fws-jp-172-60-60-24} (172.60.60.24) [FortiGate-100F] @Rack_03 [CDC-105]
4654,{fwp-jp-172-60-60-23} (172.60.60.23) [FortiGate-100F] @Rack_02 [CDC-105]
7947,{isp-gc-192-168-100-247} (192.168.100.247) [EdgeCoreS5520-18X] @Rack_D2
10707,{asr-wr-jp-172-60-60-221} (172.60.60.221) [ASR1002-X Chassis] @Rack_05 [CDC-105]
10018,{SFT-CAAS-10-244} (192.168.10.244)(SECONDARY_ROUTER)[Cisco C1111-8P Chassis] @Rack_SFT_AB18
10012,{SFT-CAAS-10-243} (192.168.10.243)(PRIMARY_ROUTER)[Cisco C1111-8P Chassis] @Rack_SFT_AB18
9968,{TP-CAAS-101-244} (192.168.101.244)(SECONDARY_ROUTER)[Cisco C1111-8P Chassis] @Rack_XX
8526,{fwp-jp-192-168-40-254} (192.168.40.254) [Fortigate-60F] @Rack_03/04 [CDC 104]
7707,{fwp-gc-192-168-100-1} (192.168.100.1) [FortiGate-100F] @Rack_XX
4611,{fwp-gc-10-111-11-241} (10.111.11.241) [FortiGate-100F] @Rack_XX
4617,{fws-gc-10-111-11-242} (10.111.11.242) [FortiGate-100F] @Rack_XX
4704,{fwp-jp-172-60-60-21} (172.60.60.21) [FortiGate-80F] @Rack_02 [CDC-105]
4644,{fws-jp-172-60-60-24} (172.60.60.24) [FortiGate-100F] @Rack_03 [CDC-105]
4655,{fwp-jp-172-60-60-23} (172.60.60.23) [FortiGate-100F] @Rack_02 [CDC-105]
4241,{isp-wr-gc-192-168-100-222) [MK-CCR1036-8G-2S+] @Rack_D3
5535,{isp-wr-gc-192-168-100-221} (192.168.100.221) [MK-CCR1036-8G-2S+] @Rack_D2
10142,{isp-wr-tp-192-168-101-226} (192.168.101.226) [CCR2116-12G-4S+] @Rack_ [TP-]
10131,{isp-wr-tp-192-168-101-225} (192.168.101.225) [CCR2116-12G-4S+] @Rack_ [TP-]
10701,{asr-wr-jp-172-60-60-221} (172.60.60.221) [ASR1002-X Chassis] @Rack_05 [CDC-105]
10708,{asr-wr-jp-172-60-60-221} (172.60.60.221) [ASR1002-X Chassis] @Rack_05 [CDC-105]
4474,{isp-wr-jp-172-60-60-213} (172.60.60.213) [MK-CCR1036-12G-4S] @Rack_05 [CDC-105]
4480,{isp-wr-jp-172-60-60-214} (172.60.60.214) [MK-CCR1036-12G-4S] @Rack_06 [CDC-105]
10749,{isp-wr-gc-192-168-100-223} (192.168.100.223) [MK-CCRS317-1G-16S+] @
8527,{fwp-jp-192-168-40-254} (192.168.40.254) [Fortigate-60F] @Rack_03/04 [CDC 104]
9882,{mgmt-gc-192-168-100-252} (192.168.100.252) [ Cisco-WS-C3850-48T] @Rack_XX
10013,{SFT-CAAS-10-243} (192.168.10.243)(PRIMARY_ROUTER)[Cisco C1111-8P Chassis] @Rack_SFT_AB18
4526,{fwp-jp-172-60-60-191} (172.60.60.191) [FortiGate-100F] @Rack_05 [CDC-105]
4540,{fws-jp-172-60-60-192} (172.60.60.192) [FortiGate-100F] @Rack_06 [CDC-105]
4553,{fwp-jp-172-60-60-193} (172.60.60.193) [FortiGate-100F] @Rack_05 [CDC-105]
4565,{fws-jp-172-60-60-194} (172.60.60.194) [FortiGate-100F] @Rack_06 [CDC-105]
4705,{fwp-jp-172-60-60-21} (172.60.60.21) [FortiGate-80F] @Rack_02 [CDC-105]
4645,{fws-jp-172-60-60-24} (172.60.60.24) [FortiGate-100F] @Rack_03 [CDC-105]
4656,{fwp-jp-172-60-60-23} (172.60.60.23) [FortiGate-100F] @Rack_02 [CDC-105]
10354,{pdu-tp-192.168.101.239} (192.168.101.239) [HUAWEI S5720-56C-EI-DC] @Rack_K13 [TP-GF]
10362,{pdu-tp-192.168.101.240} (192.168.101.240) [HUAWEI S5720-56C-EI-DC] @Rack_L13 [TP-GF]
4242,{isp-wr-gc-192-168-100-222) [MK-CCR1036-8G-2S+] @Rack_D3
5536,{isp-wr-gc-192-168-100-221} (192.168.100.221) [MK-CCR1036-8G-2S+] @Rack_D2
10143,{isp-wr-tp-192-168-101-226} (192.168.101.226) [CCR2116-12G-4S+] @Rack_ [TP-]
9381,vproxy-103-90 (10.100.103.90) (vCenter04)
7921,Veeam_Proxy_103.85 (10.133.103.85) (vCenter11)
3060,{mgmt-tp-192-168-101-252} (192.168.101.252) [CISCO--WS-C3850-48P] @Rack_L15 [TP-GF]
9158,{mgmt-jp-10-100-11-55} (10.100.11.55) HUAWEI CE6860-48S8CQ-EI @Rack_XX
9233,{mgmt-jp-10-100-11-56} (10.100.11.56) HUAWEI CE6860-48S8CQ-EI @Rack_XX
10702,{asr-wr-jp-172-60-60-221} (172.60.60.221) [ASR1002-X Chassis] @Rack_05 [CDC-105]
10709,{asr-wr-jp-172-60-60-221} (172.60.60.221) [ASR1002-X Chassis] @Rack_05 [CDC-105]
4475,{isp-wr-jp-172-60-60-213} (172.60.60.213) [MK-CCR1036-12G-4S] @Rack_05 [CDC-105]
4481,{isp-wr-jp-172-60-60-214} (172.60.60.214) [MK-CCR1036-12G-4S] @Rack_06 [CDC-105]
9883,{mgmt-gc-192-168-100-252} (192.168.100.252) [ Cisco-WS-C3850-48T] @Rack_XX
10020,{SFT-CAAS-10-244} (192.168.10.244)(SECONDARY_ROUTER)[Cisco C1111-8P Chassis] @Rack_SFT_AB18
4530,{fwp-jp-172-60-60-191} (172.60.60.191) [FortiGate-100F] @Rack_05 [CDC-105]
4544,{fws-jp-172-60-60-192} (172.60.60.192) [FortiGate-100F] @Rack_06 [CDC-105]
4554,{fwp-jp-172-60-60-193} (172.60.60.193) [FortiGate-100F] @Rack_05 [CDC-105]
4566,{fws-jp-172-60-60-194} (172.60.60.194) [FortiGate-100F] @Rack_06 [CDC-105]
8528,{fwp-jp-192-168-40-254} (192.168.40.254) [Fortigate-60F] @Rack_03/04 [CDC 104]
4531,{fwp-jp-172-60-60-191} (172.60.60.191) [FortiGate-100F] @Rack_05 [CDC-105]
4545,{fws-jp-172-60-60-192} (172.60.60.192) [FortiGate-100F] @Rack_06 [CDC-105]
4567,{fws-jp-172-60-60-194} (172.60.60.194) [FortiGate-100F] @Rack_06 [CDC-105]
4589,{fwp-jp-172-60-60-195} (172.60.60.195) [FortiGate-100F] @Rack_05 [CDC-105]
4608,{fws-jp-172-60-60-196} (172.60.60.196) [FortiGate-100F] @Rack_06 [CDC-105]
4612,{fwp-gc-10-111-11-241} (10.111.11.241) [FortiGate-100F] @Rack_XX
4618,{fws-gc-10-111-11-242} (10.111.11.242) [FortiGate-100F] @Rack_XX
4646,{fws-jp-172-60-60-24} (172.60.60.24) [FortiGate-100F] @Rack_03 [CDC-105]
4657,{fwp-jp-172-60-60-23} (172.60.60.23) [FortiGate-100F] @Rack_02 [CDC-105]
10079,{BKC-ISP-WR-40-250} (121.241.40.250) [RB1100x4] @Rack_ [ ]
10955,{isp-wr-tp-192-168-101-226} (192.168.101.226) [CCR2116-12G-4S+] @Rack_ [TP-]
3061,{mgmt-tp-192-168-101-252} (192.168.101.252) [CISCO--WS-C3850-48P] @Rack_L15 [TP-GF]
10015,{SFT-CAAS-10-243} (192.168.10.243)(PRIMARY_ROUTER)[Cisco C1111-8P Chassis] @Rack_SFT_AB18
10021,{SFT-CAAS-10-244} (192.168.10.244)(SECONDARY_ROUTER)[Cisco C1111-8P Chassis] @Rack_SFT_AB18
9235,{mgmt-jp-10-100-11-56} (10.100.11.56) HUAWEI CE6860-48S8CQ-EI @Rack_XX
10865,{storage-tp-10-112-11-213} (10.112.11.213) [EdgeCore_AS7712-32X] @Rack_L16  [TP-GF]
10870,{storage-cdc-tp-10-112-11-214} (10.112.11.214) [EdgeCore_AS7712-32X] @Rack_L15  [TP-GF]
10777,
8529,{fwp-jp-192-168-40-254} (192.168.40.254) [Fortigate-60F] @Rack_03/04 [CDC 104]
10917,{BKC-ISP-WR-40-250} (121.241.40.250) [RB1100x4] @Rack_ [ ]
7079,WSS-Backup_Server (10.111.103.61_Windows)(STT-GIFT)
4532,{fwp-jp-172-60-60-191} (172.60.60.191) [FortiGate-100F] @Rack_05 [CDC-105]
4546,{fws-jp-172-60-60-192} (172.60.60.192) [FortiGate-100F] @Rack_06 [CDC-105]
4555,{fwp-jp-172-60-60-193} (172.60.60.193) [FortiGate-100F] @Rack_05 [CDC-105]
4568,{fws-jp-172-60-60-194} (172.60.60.194) [FortiGate-100F] @Rack_06 [CDC-105]
4590,{fwp-jp-172-60-60-195} (172.60.60.195) [FortiGate-100F] @Rack_05 [CDC-105]
4609,{fws-jp-172-60-60-196} (172.60.60.196) [FortiGate-100F] @Rack_06 [CDC-105]
4613,{fwp-gc-10-111-11-241} (10.111.11.241) [FortiGate-100F] @Rack_XX
4619,{fws-gc-10-111-11-242} (10.111.11.242) [FortiGate-100F] @Rack_XX
4647,{fws-jp-172-60-60-24} (172.60.60.24) [FortiGate-100F] @Rack_03 [CDC-105]
4658,{fwp-jp-172-60-60-23} (172.60.60.23) [FortiGate-100F] @Rack_02 [CDC-105]
10990,{isp-wr-gc-192-168-100-223} (192.168.100.223) [MK-CCRS317-1G-16S+] @
11011,{isp-wr-gc-192-168-100-224} (192.168.100.224) [MK-CRS317-1G-16S+] @
10755,{isp-wr-gc-192-168-100-224} (192.168.100.224) [MK-CRS317-1G-16S+] @
10247,{mgmt-jp-192.168.99.235} (192.168.99.235) HUAWEI{S5720-56C-EI-DC}
10257,192.168.101.235
10336,192.168.101.234
10775,
4556,{fwp-jp-172-60-60-193} (172.60.60.193) [FortiGate-100F] @Rack_05 [CDC-105]
4569,{fws-jp-172-60-60-194} (172.60.60.194) [FortiGate-100F] @Rack_06 [CDC-105]
4648,{fws-jp-172-60-60-24} (172.60.60.24) [FortiGate-100F] @Rack_03 [CDC-105]
4659,{fwp-jp-172-60-60-23} (172.60.60.23) [FortiGate-100F] @Rack_02 [CDC-105]
7065,WSS-Backup_Server 10.100.103.61 (Windows_JDC)
10369,{mgmt-jp-192.168.99.234} (192.168.99.234) HUAWEI{ S5720-56C-EI-DC}
10375,192.168.101.234
10918,{BKC-ISP-WR-40-250} (121.241.40.250) [RB1100x4] @Rack_ [ ]
10999,
11000,{isp-wr-gc-192-168-100-222) [MK-CCR1036-8G-2S+] @Rack_D3
10991,{isp-wr-gc-192-168-100-223} (192.168.100.223) [MK-CCRS317-1G-16S+] @
11012,{isp-wr-gc-192-168-100-224} (192.168.100.224) [MK-CRS317-1G-16S+] @
4638,{fws-jp-172-60-60-22} (172.60.60.22) [FortiGate-80F] @Rack_03 [CDC-105]
4706,{fwp-jp-172-60-60-21} (172.60.60.21) [FortiGate-80F] @Rack_02 [CDC-105]
4614,{fwp-gc-10-111-11-241} (10.111.11.241) [FortiGate-100F] @Rack_XX
4620,{fws-gc-10-111-11-242} (10.111.11.242) [FortiGate-100F] @Rack_XX
10248,{mgmt-jp-192.168.99.235} (192.168.99.235) HUAWEI{S5720-56C-EI-DC}
9969,{TP-CAAS-101-244} (192.168.101.244)(SECONDARY_ROUTER)[Cisco C1111-8P Chassis] @Rack_XX
8530,{fwp-jp-192-168-40-254} (192.168.40.254) [Fortigate-60F] @Rack_03/04 [CDC 104]
4557,{fwp-jp-172-60-60-193} (172.60.60.193) [FortiGate-100F] @Rack_05 [CDC-105]
4570,{fws-jp-172-60-60-194} (172.60.60.194) [FortiGate-100F] @Rack_06 [CDC-105]
10919,{BKC-ISP-WR-40-250} (121.241.40.250) [RB1100x4] @Rack_ [ ]
10134,{isp-wr-tp-192-168-101-225} (192.168.101.225) [CCR2116-12G-4S+] @Rack_ [TP-]
10144,{isp-wr-tp-192-168-101-226} (192.168.101.226) [CCR2116-12G-4S+] @Rack_ [TP-]
10370,{mgmt-jp-192.168.99.234} (192.168.99.234) HUAWEI{ S5720-56C-EI-DC}
10376,192.168.101.234
11013,{isp-wr-gc-192-168-100-224} (192.168.100.224) [MK-CRS317-1G-16S+] @
10992,{isp-wr-gc-192-168-100-223} (192.168.100.223) [MK-CCRS317-1G-16S+] @
4615,{fwp-gc-10-111-11-241} (10.111.11.241) [FortiGate-100F] @Rack_XX
4621,{fws-gc-10-111-11-242} (10.111.11.242) [FortiGate-100F] @Rack_XX
8459,{mgmt-jp-192-168-99-252} (192.168.99.252) [WS-C3850-48P-E] @Rack_XX
9970,{TP-CAAS-101-244} (192.168.101.244)(SECONDARY_ROUTER)[Cisco C1111-8P Chassis] @Rack_XX
4558,{fwp-jp-172-60-60-193} (172.60.60.193) [FortiGate-100F] @Rack_05 [CDC-105]
4571,{fws-jp-172-60-60-194} (172.60.60.194) [FortiGate-100F] @Rack_06 [CDC-105]
10371,{mgmt-jp-192.168.99.234} (192.168.99.234) HUAWEI{ S5720-56C-EI-DC}
4639,{fws-jp-172-60-60-22} (172.60.60.22) [FortiGate-80F] @Rack_03 [CDC-105]
4650,{fws-jp-172-60-60-24} (172.60.60.24) [FortiGate-100F] @Rack_03 [CDC-105]
4661,{fwp-jp-172-60-60-23} (172.60.60.23) [FortiGate-100F] @Rack_02 [CDC-105]
10016,{SFT-CAAS-10-243} (192.168.10.243)(PRIMARY_ROUTER)[Cisco C1111-8P Chassis] @Rack_SFT_AB18
10022,{SFT-CAAS-10-244} (192.168.10.244)(SECONDARY_ROUTER)[Cisco C1111-8P Chassis] @Rack_SFT_AB18
9971,{TP-CAAS-101-244} (192.168.101.244)(SECONDARY_ROUTER)[Cisco C1111-8P Chassis] @Rack_XX
10866,{storage-tp-10-112-11-213} (10.112.11.213) [EdgeCore_AS7712-32X] @Rack_L16  [TP-GF]
10871,{storage-cdc-tp-10-112-11-214} (10.112.11.214) [EdgeCore_AS7712-32X] @Rack_L15  [TP-GF]
4547,{fwp-jp-172-60-60-193} (172.60.60.193) [FortiGate-100F] @Rack_05 [CDC-105]
4559,{fws-jp-172-60-60-194} (172.60.60.194) [FortiGate-100F] @Rack_06 [CDC-105]
10252,192.168.101.235
4640,{fws-jp-172-60-60-24} (172.60.60.24) [FortiGate-100F] @Rack_03 [CDC-105]
4651,{fwp-jp-172-60-60-23} (172.60.60.23) [FortiGate-100F] @Rack_02 [CDC-105]
8580,{mgmt-jp-192-168-99-251} (192.168.99.251) [Cisco WS-C3850-48P-E] @Rack_XX
8582,{mgmt-jp-192-168-99-252} (192.168.99.252) [WS-C3850-48P-E] @Rack_XX
10366,{mgmt-jp-192.168.99.234} (192.168.99.234) HUAWEI{ S5720-56C-EI-DC}
10372,192.168.101.234
2769,{fws-tp-192-168-101-1} (192.168.101.1) [FortiGate-60F] @Rack_L16 [TP-GF]
7706,{fwp-gc-192-168-100-1} (192.168.100.1) [FortiGate-100F] @Rack_XX
10241,{mgmt-jp-192.168.99.235} (192.168.99.235) HUAWEI{S5720-56C-EI-DC}
9967,{TP-CAAS-101-244} (192.168.101.244)(SECONDARY_ROUTER)[Cisco C1111-8P Chassis] @Rack_XX
8428,{mgmt-jp-192-168-99-252} (192.168.99.252) [WS-C3850-48P-E] @Rack_XX
8461,{mgmt-jp-192-168-99-251} (192.168.99.251) [Cisco WS-C3850-48P-E] @Rack_XX
10447,{SFT-CAAS-10-246} (192.168.10.246)([C1000-24T-4X-L] @Rack_
10969,
11002,
11003,
4548,{fwp-jp-172-60-60-193} (172.60.60.193) [FortiGate-100F] @Rack_05 [CDC-105]
4560,{fws-jp-172-60-60-194} (172.60.60.194) [FortiGate-100F] @Rack_06 [CDC-105]
10367,{mgmt-jp-192.168.99.234} (192.168.99.234) HUAWEI{ S5720-56C-EI-DC}
4641,{fws-jp-172-60-60-24} (172.60.60.24) [FortiGate-100F] @Rack_03 [CDC-105]
4652,{fwp-jp-172-60-60-23} (172.60.60.23) [FortiGate-100F] @Rack_02 [CDC-105]
6531,{mgmt-gc-10-111-11-200} (10.111.11.200) [HUAWEI CE6881-48S6CQ ] @Rack_XX
10242,{mgmt-jp-192.168.99.235} (192.168.99.235) HUAWEI{S5720-56C-EI-DC}
10253,192.168.101.235
10970,
4642,{fws-jp-172-60-60-24} (172.60.60.24) [FortiGate-100F] @Rack_03 [CDC-105]
4653,{fwp-jp-172-60-60-23} (172.60.60.23) [FortiGate-100F] @Rack_02 [CDC-105]
10368,{mgmt-jp-192.168.99.234} (192.168.99.234) HUAWEI{ S5720-56C-EI-DC}
6532,{mgmt-gc-10-111-11-200} (10.111.11.200) [HUAWEI CE6881-48S6CQ ] @Rack_XX
10243,{mgmt-jp-192.168.99.235} (192.168.99.235) HUAWEI{S5720-56C-EI-DC}
10254,192.168.101.235
4635,{fws-jp-172-60-60-22} (172.60.60.22) [FortiGate-80F] @Rack_03 [CDC-105]
4701,{fwp-jp-172-60-60-21} (172.60.60.21) [FortiGate-80F] @Rack_02 [CDC-105]
10706,{asr-wr-jp-172-60-60-221} (172.60.60.221) [ASR1002-X Chassis] @Rack_05 [CDC-105]
6533,{mgmt-gc-10-111-11-200} (10.111.11.200) [HUAWEI CE6881-48S6CQ ] @Rack_XX
4549,{fwp-jp-172-60-60-193} (172.60.60.193) [FortiGate-100F] @Rack_05 [CDC-105]
4561,{fws-jp-172-60-60-194} (172.60.60.194) [FortiGate-100F] @Rack_06 [CDC-105]
10244,{mgmt-jp-192.168.99.235} (192.168.99.235) HUAWEI{S5720-56C-EI-DC}
10996,{storage-tp-10-112-11-213} (10.112.11.213) [EdgeCore_AS7712-32X] @Rack_L16  [TP-GF]
10869,{storage-cdc-tp-10-112-11-214} (10.112.11.214) [EdgeCore_AS7712-32X] @Rack_L15  [TP-GF]
4636,{fws-jp-172-60-60-22} (172.60.60.22) [FortiGate-80F] @Rack_03 [CDC-105]
4702,{fwp-jp-172-60-60-21} (172.60.60.21) [FortiGate-80F] @Rack_02 [CDC-105]
6534,{mgmt-gc-10-111-11-200} (10.111.11.200) [HUAWEI CE6881-48S6CQ ] @Rack_XX
6521,{mgmt-gc-192-168-100-242} (192.168.100.242) [SG350X-48-K9] @Rack_XX
9138,{mgmt-jp-10-100-11-55} (10.100.11.55) HUAWEI CE6860-48S8CQ-EI @Rack_XX
8029,{isp-gc-192-168-100-248} (192.168.100.248) [EdgeCoreS5520-18X] @Rack_D3
5330,
9202,{mgmt-jp-10-100-11-56} (10.100.11.56) HUAWEI CE6860-48S8CQ-EI @Rack_XX
9141,{mgmt-jp-10-100-11-55} (10.100.11.55) HUAWEI CE6860-48S8CQ-EI @Rack_XX
9210,{mgmt-jp-10-100-11-56} (10.100.11.56) HUAWEI CE6860-48S8CQ-EI @Rack_XX
9773,(fwp-tp-10-112-11-247)(10.112.11.247) [FortiGate-200F] @Rack_ [  ]
9795,(fws-tp-10-112-11-248)(10.112.11.248) [FortiGate-200F] @Rack_ [  ]
7946,{isp-gc-192-168-100-247} (192.168.100.247) [EdgeCoreS5520-18X] @Rack_D2
9142,{mgmt-jp-10-100-11-55} (10.100.11.55) HUAWEI CE6860-48S8CQ-EI @Rack_XX
9212,{mgmt-jp-10-100-11-56} (10.100.11.56) HUAWEI CE6860-48S8CQ-EI @Rack_XX
9143,{mgmt-jp-10-100-11-55} (10.100.11.55) HUAWEI CE6860-48S8CQ-EI @Rack_XX
7979,{asr-wr-jp-172-60-60-221} (172.60.60.221) [ASR1002-X Chassis] @Rack_05 [CDC-105]
10977,
9213,{mgmt-jp-10-100-11-56} (10.100.11.56) HUAWEI CE6860-48S8CQ-EI @Rack_XX
8464,{mgmt-jp-192-168-99-251} (192.168.99.251) [Cisco WS-C3850-48P-E] @Rack_XX
8432,{mgmt-jp-192-168-99-252} (192.168.99.252) [WS-C3850-48P-E] @Rack_XX
7684,{fwp-tp-10-112-11-245} (10.112.11.245) [FortiGate-200F] @Rack_K13  [TP-GF]
7687,{fws-tp-10-112-11-246} (10.112.11.246) [FortiGate-200F] @Rack_L15  [TP-GF]
9774,(fwp-tp-10-112-11-247)(10.112.11.247) [FortiGate-200F] @Rack_ [  ]
9780,(fwp-tp-10-112-11-247)(10.112.11.247) [FortiGate-200F] @Rack_ [  ]
9796,(fws-tp-10-112-11-248)(10.112.11.248) [FortiGate-200F] @Rack_ [  ]
10978,
10657,{asr-wr-jp-172-60-60-221} (172.60.60.221) [ASR1002-X Chassis] @Rack_05 [CDC-105]
9214,{mgmt-jp-10-100-11-56} (10.100.11.56) HUAWEI CE6860-48S8CQ-EI @Rack_XX
4623,{fwp-gc-10-111-11-243} (10.111.11.243) [FortiGate-200F] @Rack_XX
4629,{fws-gc-10-111-11-244} (10.111.11.244) [FortiGate-200F] @Rack_XX
2719,{fwp-tp-10-112-11-241} (10.112.11.241) [FortiGate-200F] @Rack_L16  [TP-GF]
2730,{fws-tp-10-112-11-242} (10.112.11.242) [FortiGate-200F] @Rack_L15  [TP-GF]
8465,{mgmt-jp-192-168-99-251} (192.168.99.251) [Cisco WS-C3850-48P-E] @Rack_XX
8433,{mgmt-jp-192-168-99-252} (192.168.99.252) [WS-C3850-48P-E] @Rack_XX
4578,{fwp-jp-172-60-60-195} (172.60.60.195) [FortiGate-100F] @Rack_05 [CDC-105]
4597,{fws-jp-172-60-60-196} (172.60.60.196) [FortiGate-100F] @Rack_06 [CDC-105]
9144,{mgmt-jp-10-100-11-55} (10.100.11.55) HUAWEI CE6860-48S8CQ-EI @Rack_XX
7081,WSS-Backup_Server (10.111.103.61_Windows)(STT-GIFT)
7067,WSS-Backup_Server 10.100.103.61 (Windows_JDC)
9776,(fwp-tp-10-112-11-247)(10.112.11.247) [FortiGate-200F] @Rack_ [  ]
9781,(fwp-tp-10-112-11-247)(10.112.11.247) [FortiGate-200F] @Rack_ [  ]
9797,(fws-tp-10-112-11-248)(10.112.11.248) [FortiGate-200F] @Rack_ [  ]
9215,{mgmt-jp-10-100-11-56} (10.100.11.56) HUAWEI CE6860-48S8CQ-EI @Rack_XX
8466,{mgmt-jp-192-168-99-251} (192.168.99.251) [Cisco WS-C3850-48P-E] @Rack_XX
8434,{mgmt-jp-192-168-99-252} (192.168.99.252) [WS-C3850-48P-E] @Rack_XX
4625,{fwp-gc-10-111-11-243} (10.111.11.243) [FortiGate-200F] @Rack_XX
4631,{fws-gc-10-111-11-244} (10.111.11.244) [FortiGate-200F] @Rack_XX
2720,{fwp-tp-10-112-11-241} (10.112.11.241) [FortiGate-200F] @Rack_L16  [TP-GF]
2731,{fws-tp-10-112-11-242} (10.112.11.242) [FortiGate-200F] @Rack_L15  [TP-GF]
4580,{fwp-jp-172-60-60-195} (172.60.60.195) [FortiGate-100F] @Rack_05 [CDC-105]
4599,{fws-jp-172-60-60-196} (172.60.60.196) [FortiGate-100F] @Rack_06 [CDC-105]
10980,
11004,
9145,{mgmt-jp-10-100-11-55} (10.100.11.55) HUAWEI CE6860-48S8CQ-EI @Rack_XX
7708,{fwp-gc-192-168-100-1} (192.168.100.1) [FortiGate-100F] @Rack_XX
9216,{mgmt-jp-10-100-11-56} (10.100.11.56) HUAWEI CE6860-48S8CQ-EI @Rack_XX
8467,{mgmt-jp-192-168-99-251} (192.168.99.251) [Cisco WS-C3850-48P-E] @Rack_XX
8435,{mgmt-jp-192-168-99-252} (192.168.99.252) [WS-C3850-48P-E] @Rack_XX
2721,{fwp-tp-10-112-11-241} (10.112.11.241) [FortiGate-200F] @Rack_L16  [TP-GF]
2732,{fws-tp-10-112-11-242} (10.112.11.242) [FortiGate-200F] @Rack_L15  [TP-GF]
4626,{fwp-gc-10-111-11-243} (10.111.11.243) [FortiGate-200F] @Rack_XX
4632,{fws-gc-10-111-11-244} (10.111.11.244) [FortiGate-200F] @Rack_XX
4581,{fwp-jp-172-60-60-195} (172.60.60.195) [FortiGate-100F] @Rack_05 [CDC-105]
4600,{fws-jp-172-60-60-196} (172.60.60.196) [FortiGate-100F] @Rack_06 [CDC-105]
10981,
11005,
9146,{mgmt-jp-10-100-11-55} (10.100.11.55) HUAWEI CE6860-48S8CQ-EI @Rack_XX
9217,{mgmt-jp-10-100-11-56} (10.100.11.56) HUAWEI CE6860-48S8CQ-EI @Rack_XX
8468,{mgmt-jp-192-168-99-251} (192.168.99.251) [Cisco WS-C3850-48P-E] @Rack_XX
8436,{mgmt-jp-192-168-99-252} (192.168.99.252) [WS-C3850-48P-E] @Rack_XX
2722,{fwp-tp-10-112-11-241} (10.112.11.241) [FortiGate-200F] @Rack_L16  [TP-GF]
2733,{fws-tp-10-112-11-242} (10.112.11.242) [FortiGate-200F] @Rack_L15  [TP-GF]
4627,{fwp-gc-10-111-11-243} (10.111.11.243) [FortiGate-200F] @Rack_XX
4633,{fws-gc-10-111-11-244} (10.111.11.244) [FortiGate-200F] @Rack_XX
10982,
11006,
9147,{mgmt-jp-10-100-11-55} (10.100.11.55) HUAWEI CE6860-48S8CQ-EI @Rack_XX
7980,{asr-wr-jp-172-60-60-221} (172.60.60.221) [ASR1002-X Chassis] @Rack_05 [CDC-105]
9218,{mgmt-jp-10-100-11-56} (10.100.11.56) HUAWEI CE6860-48S8CQ-EI @Rack_XX
8469,{mgmt-jp-192-168-99-251} (192.168.99.251) [Cisco WS-C3850-48P-E] @Rack_XX
8437,{mgmt-jp-192-168-99-252} (192.168.99.252) [WS-C3850-48P-E] @Rack_XX
10983,
11007,
9148,{mgmt-jp-10-100-11-55} (10.100.11.55) HUAWEI CE6860-48S8CQ-EI @Rack_XX
10984,
11008,
10735,{fwp-jp-172-60-60-191} (172.60.60.191) [FortiGate-100F] @Rack_05 [CDC-105]
10985,
11009,
10352,{pdu-tp-192.168.101.239} (192.168.101.239) [HUAWEI S5720-56C-EI-DC] @Rack_K13 [TP-GF]
10986,
11010,
10353,{pdu-tp-192.168.101.239} (192.168.101.239) [HUAWEI S5720-56C-EI-DC] @Rack_K13 [TP-GF]
4524,{fwp-jp-172-60-60-191} (172.60.60.191) [FortiGate-100F] @Rack_05 [CDC-105]
9149,{mgmt-jp-10-100-11-55} (10.100.11.55) HUAWEI CE6860-48S8CQ-EI @Rack_XX
9222,{mgmt-jp-10-100-11-56} (10.100.11.56) HUAWEI CE6860-48S8CQ-EI @Rack_XX
4583,{fwp-jp-172-60-60-195} (172.60.60.195) [FortiGate-100F] @Rack_05 [CDC-105]
4602,{fws-jp-172-60-60-196} (172.60.60.196) [FortiGate-100F] @Rack_06 [CDC-105]
9150,{mgmt-jp-10-100-11-55} (10.100.11.55) HUAWEI CE6860-48S8CQ-EI @Rack_XX
4527,{fwp-jp-172-60-60-191} (172.60.60.191) [FortiGate-100F] @Rack_05 [CDC-105]
4541,{fws-jp-172-60-60-192} (172.60.60.192) [FortiGate-100F] @Rack_06 [CDC-105]
9223,{mgmt-jp-10-100-11-56} (10.100.11.56) HUAWEI CE6860-48S8CQ-EI @Rack_XX
4585,{fwp-jp-172-60-60-195} (172.60.60.195) [FortiGate-100F] @Rack_05 [CDC-105]
4604,{fws-jp-172-60-60-196} (172.60.60.196) [FortiGate-100F] @Rack_06 [CDC-105]
9151,{mgmt-jp-10-100-11-55} (10.100.11.55) HUAWEI CE6860-48S8CQ-EI @Rack_XX
9224,{mgmt-jp-10-100-11-56} (10.100.11.56) HUAWEI CE6860-48S8CQ-EI @Rack_XX
4586,{fwp-jp-172-60-60-195} (172.60.60.195) [FortiGate-100F] @Rack_05 [CDC-105]
4605,{fws-jp-172-60-60-196} (172.60.60.196) [FortiGate-100F] @Rack_06 [CDC-105]
9931,{BKC-ISP-WR-40-250} (121.241.40.250) [RB1100x4] @Rack_ [ ]
9152,{mgmt-jp-10-100-11-55} (10.100.11.55) HUAWEI CE6860-48S8CQ-EI @Rack_XX
9225,{mgmt-jp-10-100-11-56} (10.100.11.56) HUAWEI CE6860-48S8CQ-EI @Rack_XX
4587,{fwp-jp-172-60-60-195} (172.60.60.195) [FortiGate-100F] @Rack_05 [CDC-105]
4606,{fws-jp-172-60-60-196} (172.60.60.196) [FortiGate-100F] @Rack_06 [CDC-105]
8470,{mgmt-jp-192-168-99-251} (192.168.99.251) [Cisco WS-C3850-48P-E] @Rack_XX
8438,{mgmt-jp-192-168-99-252} (192.168.99.252) [WS-C3850-48P-E] @Rack_XX
2723,{fwp-tp-10-112-11-241} (10.112.11.241) [FortiGate-200F] @Rack_L16  [TP-GF]
2734,{fws-tp-10-112-11-242} (10.112.11.242) [FortiGate-200F] @Rack_L15  [TP-GF]
9226,{mgmt-jp-10-100-11-56} (10.100.11.56) HUAWEI CE6860-48S8CQ-EI @Rack_XX
8471,{mgmt-jp-192-168-99-251} (192.168.99.251) [Cisco WS-C3850-48P-E] @Rack_XX
8439,{mgmt-jp-192-168-99-252} (192.168.99.252) [WS-C3850-48P-E] @Rack_XX
9153,{mgmt-jp-10-100-11-55} (10.100.11.55) HUAWEI CE6860-48S8CQ-EI @Rack_XX
7685,{fwp-tp-10-112-11-245} (10.112.11.245) [FortiGate-200F] @Rack_K13  [TP-GF]
9782,(fwp-tp-10-112-11-247)(10.112.11.247) [FortiGate-200F] @Rack_ [  ]
9798,(fws-tp-10-112-11-248)(10.112.11.248) [FortiGate-200F] @Rack_ [  ]
2724,{fwp-tp-10-112-11-241} (10.112.11.241) [FortiGate-200F] @Rack_L16  [TP-GF]
2735,{fws-tp-10-112-11-242} (10.112.11.242) [FortiGate-200F] @Rack_L15  [TP-GF]
9227,{mgmt-jp-10-100-11-56} (10.100.11.56) HUAWEI CE6860-48S8CQ-EI @Rack_XX
2754,{fwp-tp-10-112-11-245} (10.112.11.245) [FortiGate-200F] @Rack_K13  [TP-GF]
9154,{mgmt-jp-10-100-11-55} (10.100.11.55) HUAWEI CE6860-48S8CQ-EI @Rack_XX
7688,{fws-tp-10-112-11-246} (10.112.11.246) [FortiGate-200F] @Rack_L15  [TP-GF]
9783,(fwp-tp-10-112-11-247)(10.112.11.247) [FortiGate-200F] @Rack_ [  ]
9784,(fwp-tp-10-112-11-247)(10.112.11.247) [FortiGate-200F] @Rack_ [  ]
9228,{mgmt-jp-10-100-11-56} (10.100.11.56) HUAWEI CE6860-48S8CQ-EI @Rack_XX
9155,{mgmt-jp-10-100-11-55} (10.100.11.55) HUAWEI CE6860-48S8CQ-EI @Rack_XX
9785,(fwp-tp-10-112-11-247)(10.112.11.247) [FortiGate-200F] @Rack_ [  ]
9229,{mgmt-jp-10-100-11-56} (10.100.11.56) HUAWEI CE6860-48S8CQ-EI @Rack_XX
8440,{mgmt-jp-192-168-99-252} (192.168.99.252) [WS-C3850-48P-E] @Rack_XX
9156,{mgmt-jp-10-100-11-55} (10.100.11.55) HUAWEI CE6860-48S8CQ-EI @Rack_XX
8441,{mgmt-jp-192-168-99-252} (192.168.99.252) [WS-C3850-48P-E] @Rack_XX
9786,(fwp-tp-10-112-11-247)(10.112.11.247) [FortiGate-200F] @Rack_ [  ]
9800,(fws-tp-10-112-11-248)(10.112.11.248) [FortiGate-200F] @Rack_ [  ]
9230,{mgmt-jp-10-100-11-56} (10.100.11.56) HUAWEI CE6860-48S8CQ-EI @Rack_XX
9157,{mgmt-jp-10-100-11-55} (10.100.11.55) HUAWEI CE6860-48S8CQ-EI @Rack_XX
9787,(fwp-tp-10-112-11-247)(10.112.11.247) [FortiGate-200F] @Rack_ [  ]
9801,(fws-tp-10-112-11-248)(10.112.11.248) [FortiGate-200F] @Rack_ [  ]
8472,{mgmt-jp-192-168-99-251} (192.168.99.251) [Cisco WS-C3850-48P-E] @Rack_XX
8442,{mgmt-jp-192-168-99-252} (192.168.99.252) [WS-C3850-48P-E] @Rack_XX
8443,{mgmt-jp-192-168-99-252} (192.168.99.252) [WS-C3850-48P-E] @Rack_XX
9802,(fws-tp-10-112-11-248)(10.112.11.248) [FortiGate-200F] @Rack_ [  ]
8445,{mgmt-jp-192-168-99-252} (192.168.99.252) [WS-C3850-48P-E] @Rack_XX
9788,(fwp-tp-10-112-11-247)(10.112.11.247) [FortiGate-200F] @Rack_ [  ]
9803,
10927,(fws-tp-10-112-11-248)(10.112.11.248) [FortiGate-200F] @Rack_ [  ]
8473,{mgmt-jp-192-168-99-251} (192.168.99.251) [Cisco WS-C3850-48P-E] @Rack_XX
8446,{mgmt-jp-192-168-99-252} (192.168.99.252) [WS-C3850-48P-E] @Rack_XX
8447,{mgmt-jp-192-168-99-252} (192.168.99.252) [WS-C3850-48P-E] @Rack_XX
9789,(fwp-tp-10-112-11-247)(10.112.11.247) [FortiGate-200F] @Rack_ [  ]
9804,(fws-tp-10-112-11-248)(10.112.11.248) [FortiGate-200F] @Rack_ [  ]
8474,{mgmt-jp-192-168-99-251} (192.168.99.251) [Cisco WS-C3850-48P-E] @Rack_XX
8448,{mgmt-jp-192-168-99-252} (192.168.99.252) [WS-C3850-48P-E] @Rack_XX
10956,{fws-tp-10-112-11-246} (10.112.11.246) [FortiGate-200F] @Rack_L15  [TP-GF]
9607,{fwp-tp-10-112-11-245} (10.112.11.245) [FortiGate-200F] @Rack_K13  [TP-GF]
8449,{mgmt-jp-192-168-99-252} (192.168.99.252) [WS-C3850-48P-E] @Rack_XX
8475,{mgmt-jp-192-168-99-251} (192.168.99.251) [Cisco WS-C3850-48P-E] @Rack_XX
8450,{mgmt-jp-192-168-99-252} (192.168.99.252) [WS-C3850-48P-E] @Rack_XX
9955,{mgmt-gc-192-168-100-252} (192.168.100.252) [ Cisco-WS-C3850-48T] @Rack_XX
8579,{mgmt-jp-192-168-99-251} (192.168.99.251) [Cisco WS-C3850-48P-E] @Rack_XX
8477,{mgmt-jp-192-168-99-251} (192.168.99.251) [Cisco WS-C3850-48P-E] @Rack_XX
8583,{mgmt-jp-192-168-99-252} (192.168.99.252) [WS-C3850-48P-E] @Rack_XX
8452,{mgmt-jp-192-168-99-252} (192.168.99.252) [WS-C3850-48P-E] @Rack_XX
8478,{mgmt-jp-192-168-99-251} (192.168.99.251) [Cisco WS-C3850-48P-E] @Rack_XX
8453,{mgmt-jp-192-168-99-252} (192.168.99.252) [WS-C3850-48P-E] @Rack_XX
9236,{mgmt-jp-10-100-11-56} (10.100.11.56) HUAWEI CE6860-48S8CQ-EI @Rack_XX
9608,{fwp-tp-10-112-11-245} (10.112.11.245) [FortiGate-200F] @Rack_K13  [TP-GF]
10908,{fwp-tp-10-112-11-245} (10.112.11.245) [FortiGate-200F] @Rack_K13  [TP-GF]
10957,{fws-tp-10-112-11-246} (10.112.11.246) [FortiGate-200F] @Rack_L15  [TP-GF]
10378,{fwp-jp-172-60-60-191} (172.60.60.191) [FortiGate-100F] @Rack_05 [CDC-105]
10928,{mgmt-jp-192.168.99.235} (192.168.99.235) HUAWEI{S5720-56C-EI-DC}
10929,192.168.101.235
9237,{mgmt-jp-10-100-11-56} (10.100.11.56) HUAWEI CE6860-48S8CQ-EI @Rack_XX
10379,{fwp-jp-172-60-60-191} (172.60.60.191) [FortiGate-100F] @Rack_05 [CDC-105]
10880,192.168.101.235
10878,192.168.101.234
10876,{mgmt-jp-192.168.99.235} (192.168.99.235) HUAWEI{S5720-56C-EI-DC}
10874,{mgmt-jp-192.168.99.234} (192.168.99.234) HUAWEI{ S5720-56C-EI-DC}
9159,{mgmt-jp-10-100-11-55} (10.100.11.55) HUAWEI CE6860-48S8CQ-EI @Rack_XX
9238,{mgmt-jp-10-100-11-56} (10.100.11.56) HUAWEI CE6860-48S8CQ-EI @Rack_XX
10355,{pdu-tp-192.168.101.239} (192.168.101.239) [HUAWEI S5720-56C-EI-DC] @Rack_K13 [TP-GF]
10363,{pdu-tp-192.168.101.240} (192.168.101.240) [HUAWEI S5720-56C-EI-DC] @Rack_L13 [TP-GF]
8456,{mgmt-jp-192-168-99-252} (192.168.99.252) [WS-C3850-48P-E] @Rack_XX
8584,{mgmt-jp-192-168-99-252} (192.168.99.252) [WS-C3850-48P-E] @Rack_XX
8481,{mgmt-jp-192-168-99-251} (192.168.99.251) [Cisco WS-C3850-48P-E] @Rack_XX
8581,{mgmt-jp-192-168-99-251} (192.168.99.251) [Cisco WS-C3850-48P-E] @Rack_XX
10881,192.168.101.235
10879,192.168.101.234
10877,{mgmt-jp-192.168.99.235} (192.168.99.235) HUAWEI{S5720-56C-EI-DC}
10875,{mgmt-jp-192.168.99.234} (192.168.99.234) HUAWEI{ S5720-56C-EI-DC}
9160,{mgmt-jp-10-100-11-55} (10.100.11.55) HUAWEI CE6860-48S8CQ-EI @Rack_XX
9239,{mgmt-jp-10-100-11-56} (10.100.11.56) HUAWEI CE6860-48S8CQ-EI @Rack_XX
8457,{mgmt-jp-192-168-99-252} (192.168.99.252) [WS-C3850-48P-E] @Rack_XX
8482,{mgmt-jp-192-168-99-251} (192.168.99.251) [Cisco WS-C3850-48P-E] @Rack_XX
10335,192.168.101.234
10341,{mgmt-jp-192.168.99.234} (192.168.99.234) HUAWEI{ S5720-56C-EI-DC}
9161,{mgmt-jp-10-100-11-55} (10.100.11.55) HUAWEI CE6860-48S8CQ-EI @Rack_XX
9240,{mgmt-jp-10-100-11-56} (10.100.11.56) HUAWEI CE6860-48S8CQ-EI @Rack_XX
8458,{mgmt-jp-192-168-99-252} (192.168.99.252) [WS-C3850-48P-E] @Rack_XX
8483,{mgmt-jp-192-168-99-251} (192.168.99.251) [Cisco WS-C3850-48P-E] @Rack_XX
10686,192.168.101.234
9162,{mgmt-jp-10-100-11-55} (10.100.11.55) HUAWEI CE6860-48S8CQ-EI @Rack_XX
9241,{mgmt-jp-10-100-11-56} (10.100.11.56) HUAWEI CE6860-48S8CQ-EI @Rack_XX
10691,{mgmt-jp-192.168.99.235} (192.168.99.235) HUAWEI{S5720-56C-EI-DC}
10693,192.168.101.235
10687,192.168.101.234
10246,{mgmt-jp-192.168.99.235} (192.168.99.235) HUAWEI{S5720-56C-EI-DC}
10256,192.168.101.235
10692,{mgmt-jp-192.168.99.235} (192.168.99.235) HUAWEI{S5720-56C-EI-DC}
9163,{mgmt-jp-10-100-11-55} (10.100.11.55) HUAWEI CE6860-48S8CQ-EI @Rack_XX
9242,{mgmt-jp-10-100-11-56} (10.100.11.56) HUAWEI CE6860-48S8CQ-EI @Rack_XX
9956,{mgmt-gc-192-168-100-252} (192.168.100.252) [ Cisco-WS-C3850-48T] @Rack_XX
9164,{mgmt-jp-10-100-11-55} (10.100.11.55) HUAWEI CE6860-48S8CQ-EI @Rack_XX
9243,{mgmt-jp-10-100-11-56} (10.100.11.56) HUAWEI CE6860-48S8CQ-EI @Rack_XX
9244,{mgmt-jp-10-100-11-56} (10.100.11.56) HUAWEI CE6860-48S8CQ-EI @Rack_XX
8484,{mgmt-jp-192-168-99-251} (192.168.99.251) [Cisco WS-C3850-48P-E] @Rack_XX
9165,{mgmt-jp-10-100-11-55} (10.100.11.55) HUAWEI CE6860-48S8CQ-EI @Rack_XX
9245,{mgmt-jp-10-100-11-56} (10.100.11.56) HUAWEI CE6860-48S8CQ-EI @Rack_XX
9166,{mgmt-jp-10-100-11-55} (10.100.11.55) HUAWEI CE6860-48S8CQ-EI @Rack_XX
9246,{mgmt-jp-10-100-11-56} (10.100.11.56) HUAWEI CE6860-48S8CQ-EI @Rack_XX
9167,{mgmt-jp-10-100-11-55} (10.100.11.55) HUAWEI CE6860-48S8CQ-EI @Rack_XX
9247,{mgmt-jp-10-100-11-56} (10.100.11.56) HUAWEI CE6860-48S8CQ-EI @Rack_XX
9168,{mgmt-jp-10-100-11-55} (10.100.11.55) HUAWEI CE6860-48S8CQ-EI @Rack_XX
9248,{mgmt-jp-10-100-11-56} (10.100.11.56) HUAWEI CE6860-48S8CQ-EI @Rack_XX
9249,{mgmt-jp-10-100-11-56} (10.100.11.56) HUAWEI CE6860-48S8CQ-EI @Rack_XX
9169,{mgmt-jp-10-100-11-55} (10.100.11.55) HUAWEI CE6860-48S8CQ-EI @Rack_XX
9250,{mgmt-jp-10-100-11-56} (10.100.11.56) HUAWEI CE6860-48S8CQ-EI @Rack_XX
9170,{mgmt-jp-10-100-11-55} (10.100.11.55) HUAWEI CE6860-48S8CQ-EI @Rack_XX
9251,{mgmt-jp-10-100-11-56} (10.100.11.56) HUAWEI CE6860-48S8CQ-EI @Rack_XX
9171,{mgmt-jp-10-100-11-55} (10.100.11.55) HUAWEI CE6860-48S8CQ-EI @Rack_XX
9252,{mgmt-jp-10-100-11-56} (10.100.11.56) HUAWEI CE6860-48S8CQ-EI @Rack_XX
9172,{mgmt-jp-10-100-11-55} (10.100.11.55) HUAWEI CE6860-48S8CQ-EI @Rack_XX
9253,{mgmt-jp-10-100-11-56} (10.100.11.56) HUAWEI CE6860-48S8CQ-EI @Rack_XX
9173,{mgmt-jp-10-100-11-55} (10.100.11.55) HUAWEI CE6860-48S8CQ-EI @Rack_XX
9174,{mgmt-jp-10-100-11-55} (10.100.11.55) HUAWEI CE6860-48S8CQ-EI @Rack_XX
9257,{mgmt-jp-10-100-11-56} (10.100.11.56) HUAWEI CE6860-48S8CQ-EI @Rack_XX
9258,{mgmt-jp-10-100-11-56} (10.100.11.56) HUAWEI CE6860-48S8CQ-EI @Rack_XX
9175,{mgmt-jp-10-100-11-55} (10.100.11.55) HUAWEI CE6860-48S8CQ-EI @Rack_XX
9259,{mgmt-jp-10-100-11-56} (10.100.11.56) HUAWEI CE6860-48S8CQ-EI @Rack_XX
9176,{mgmt-jp-10-100-11-55} (10.100.11.55) HUAWEI CE6860-48S8CQ-EI @Rack_XX
9177,{mgmt-jp-10-100-11-55} (10.100.11.55) HUAWEI CE6860-48S8CQ-EI @Rack_XX
9260,{mgmt-jp-10-100-11-56} (10.100.11.56) HUAWEI CE6860-48S8CQ-EI @Rack_XX
9261,{mgmt-jp-10-100-11-56} (10.100.11.56) HUAWEI CE6860-48S8CQ-EI @Rack_XX
9178,{mgmt-jp-10-100-11-55} (10.100.11.55) HUAWEI CE6860-48S8CQ-EI @Rack_XX
9262,{mgmt-jp-10-100-11-56} (10.100.11.56) HUAWEI CE6860-48S8CQ-EI @Rack_XX
9179,{mgmt-jp-10-100-11-55} (10.100.11.55) HUAWEI CE6860-48S8CQ-EI @Rack_XX
9263,{mgmt-jp-10-100-11-56} (10.100.11.56) HUAWEI CE6860-48S8CQ-EI @Rack_XX
9180,{mgmt-jp-10-100-11-55} (10.100.11.55) HUAWEI CE6860-48S8CQ-EI @Rack_XX
9264,{mgmt-jp-10-100-11-56} (10.100.11.56) HUAWEI CE6860-48S8CQ-EI @Rack_XX
9181,{mgmt-jp-10-100-11-55} (10.100.11.55) HUAWEI CE6860-48S8CQ-EI @Rack_XX
9265,{mgmt-jp-10-100-11-56} (10.100.11.56) HUAWEI CE6860-48S8CQ-EI @Rack_XX
9182,{mgmt-jp-10-100-11-55} (10.100.11.55) HUAWEI CE6860-48S8CQ-EI @Rack_XX
8429,{mgmt-jp-192-168-99-252} (192.168.99.252) [WS-C3850-48P-E] @Rack_XX
10853,
10888,dci-jp-192-168-99-229} (192.168.99.229) [CISCO-ME-3600X-24FS-M] @Rack_0? [CDC-105]
10637,172.60.60.253
10890,dci-jp-192-168-99-230} (192.168.99.230) [CISCO-ME-3600X-24FS-M] @Rack_0? [CDC-105]
7366,{mgmt-jp-10-100-11-52} (10.100.11.52) [Cisco-WS-C3750X-48P-S] @Rack_03 [CDC-104]
7345,{mgmt-jp-10-100-11-51} (10.100.11.51) [Cisco-WS-C3750X-48P] @Rack_02 [CDC-104]
6522,{mgmt-gc-10-111-11-201} (10.111.11.201) [Cisco-WS-C3750X-48T-L ] @Rack_XX
5370,{mgmt-tp-10-112-11-202} (10.112.11.202) [CISCO-WS-C3750X-48P] @Rack_L15 [TP-GF]
5374,{mgmt-tp-10-112-11-201} (10.112.11.201) [CISCO-WS-C3750X-48P] @Rack_L16 [TP-GF]
10513,{mgmt-jp-172.60.60.141} (172.60.60.141) CISCO{WS-C3560X-48}
10855,mgmt-jp-192-168-40-251
10540,{mgmt-jp-172.60.60.143} (172.60.60.143) CISCO{WS-C3560X-48}
10526,{mgmt-jp-172.60.60.142} (172.60.60.142) CISCO{WS-C3560X-48}
7387,{mgmt-jp-10-100-11-53} (10.100.11.53) [Cisco-WS-C3750X-48P-S] @Rack_02 [CDC-104]
7289,{mgmt-jp-10-100-11-54} (10.100.11.54) [Cisco-WS-C3750X-48P-S] @Rack_03 [CDC-104]
6540,{mgmt-gc-10-111-11-203) [Cisco-WS-C3750X-48T-S] @Rack_XX
6547,{mgmt-gc-10-111-11-204} (10.111.11.204) [Cisco-WS-C3750X-48T-L] @Rack_XX
2606,{mgmt-tp-10-112-11-204} (10.112.11.204) [CISCO-WS-C3750X-48P] @Rack_L15  [TP-GF]
2601,{mgmt-tp-10-112-11-203} (10.112.11.203) [CISCO-WS-C3750X-48P] @Rack_L16  [TP-GF]
