Device Name,Device ID
Probe Device,40

Sensor Name,Sensor ID
Core Health,1002
Probe Health,1003
System Health,1001
WMI UTC Time,9447
SNMP System Uptime,10731
Dell System Health TP-PRTG-101-100,10730
Physical Disk 0:1:0,10727
Physical Disk 0:1:1,10729
Physical Disk 0:1:2,10728
Core Health (Autonomous),1026
Probe Health,2079
System Health,2078
WMI UTC Time,3577
Syslog Receiver,3022
Uptime,3007
CPU Utilization,4772
Memory Free,4777
Thermal Detector 1,4785
Thermal Detector 2,4790
Fan 1 speed,4798
Fan 2 speed,4804
Fan 3 speed,4809
TCL_GW: 14.143.129.177 Eth-1/16 (Bandwidth - 1 Gbps) {Circuit ID-091MUMB0300A0094582} [MuX: 10.23.13.188_GE/FE-1-2-6],7940
Eth-1/15_JIO_ILL_2G_CKT_ID_9336024697_778740107172,9984
Syslog Receiver,3545
Uptime,3575
CPU Utilization,4773
Memory Free,4778
Thermal Detector 1,4786
Thermal Detector 2,4791
Fan 1 speed,4800
Fan 2 speed,4805
Fan 3 speed,4810
Eth1/16_GW-182.78.48.9_AIRTEL_to 0/0/0/5_100.64.88.10_CKT_ID-230621100032262,7943
(001) sfp-sfpplus1-TATA Traffic,11142
(002) sfp-sfpplus2-AIRTEL Traffic,11143
(003) sfp-sfpplus3-JIO Traffic,11144
(004) sfp-sfpplus4 Traffic,11145
(005) sfp-sfpplus5 Traffic,11146
(006) sfp-sfpplus6 Traffic,11147
Syslog Receiver,11148
Uptime,11149
SNMP CPU Load,11150
Disk Free: system disk,11151
Memory: main memory,11152
(001) sfp-sfpplus1-TATA Traffic,11153
(002) sfp-sfpplus2-AIRTEL Traffic,11154
(003) sfp-sfpplus3-JIO Traffic,11155
(004) sfp-sfpplus4 Traffic,11156
(005) sfp-sfpplus5 Traffic,11157
(006) sfp-sfpplus6 Traffic,11158
Uptime,11159
CPU Load,11161
Disk Free: system disk,11162
Memory: main memory,11163
Syslog Receiver,11164
Uptime,9929
(001) BKC_TCL_121.241.40.250_Traffic,9930
(031) WAN_Bridge Traffic,9931
(005) RAGHUNANDAN 121.241.40.254 Traffic,10079
Syslog Receiver,10086
CPU,10901
Memory: main memory,10902
(006) EASTINDIA 121.241.40.253 Traffic,10917
(007) KIFS 121.241.40.252 Traffic,10918
(008) AFFILIANCE 121.241.40.251 Traffic,10919
CPU,10113
Memory,10116
Disk Free,10114
Uptime,10104
Loopback: 10.10.223.1,11015
Mgmt: 192.168.101.223 Eth-13_to_???????,11014
TCL_BGP: 14.143.129.180 Port:SFP+_01 (Bandwidth - 1 Gbps) [192.168.101.147_SFP+_16],10108
Airtel-182.78.48.12 SFP+_02 _to_ 192.168.101.24x_Eth-?,10109
Jio-115.243.72.4 SFP+_03 _to_ 192.168.101.24x_Eth-?,10110
OSPF: 172.16.15.223 Eth-3 to MT-224_Eth-3: 172.16.15.224,10947
Syslog Receiver,10694
Uptime,10118
Mgmt: 192.168.101.224 Eth-13_to_???????,10119
Loopback: 10.10.224.1,10125
TCL-14.143.129.181 SFP+_01 _to_ 192.168.101.24x_Eth-?,10120
Airtel-182.78.48.13 SFP+_02 _to_ 192.168.101.24x_Eth-?,10121
Jio-115.243.72.5 SFP+_03 _to_ 192.168.101.24x_Eth-?,10122
CPU Load,10129
Disk Free: system disk,10127
Memory: main memory,10133
Syslog Receiver,10695
OSPF: 172.16.15.224 Eth-3 to MT-224_Eth-3: 172.16.15.223,10948
Uptime,10128
(003) ether1_to_MT-223-eth1 Traffic,10131
Eth-2_to_MT-224-Eth-1,10132
(008) ether6_to_101.250_gi23 Traffic,10134
Disk Free: system disk,10141
CPU Load,10146
Memory: main memory,10152
Syslog Receiver,10696
SFP+_4_to_MT-223_SFP+_4,10940
Eth-5_to_MT-226_Eth-5,10949
Uptime,10140
(003) ether1_to_MT-223_eth2 Traffic,10142
(004) ether2_to_MT-224_eth2 Traffic,10143
(008) ether6_to_101.250_gi24 Traffic,10144
Disk Free: system disk,10153
CPU Load,10154
Memory: main memory,10155
Syslog Receiver,10697
Eth-5_to_MT-225_Eth-5,10952
(005) sfp-sfpplus4 Traffic,10955
Uptime,5166
CPU Load,5190
Syslog Receiver,5199
System Health CPU,6651
System Health Fans,6653
System Health Memory,6655
System Health Power Supplies,6654
System Health Temperatures,6652
Gi1/3 to Gi1/3_ill-sw-tp-192.168.101.231,7937
Gi1/4 to Gi1/4_ill-sw-tp-192.168.101.231,7938
MICROTIK_101.226_SFPPLUS1 Traffic,10443
UPLINK_TO_LKP_RACK-K14_FW Traffic,10465
SNMP Trap Receiver,10606
System Health Currents,10911
System Health Other,10912
System Health Voltages,10910
(10147) SW_TO_SW_PO1_101.231_Gi1/3 Traffic,10945
(10148) SW_TO_SW_PO1_101.231_Gi1/4 Traffic,10946
Uptime,5135
CPU Load,5181
Syslog Receiver,5195
System Health CPU,6659
System Health Fans,6661
System Health Memory,6663
System Health Power Supplies,6662
System Health Temperatures,6660
Gi1/3 to Gi1/3_ill-sw-tp-192.168.101.232,9925
Gi1/4 to Gi1/4_ill-sw-tp-192.168.101.232,9926
MICROTIK_101.225_SFPPLUS1 Traffic,10442
UPLINK_TO_LKP_RACK-K14_FW Traffic,10464
System Health Currents,10914
System Health Other,10915
System Health Voltages,10913
(10147) SW_TO_SW_PO1_101.232_Gi1/3 Traffic,10943
(10148) SW_TO_SW_PO1_101.232_Gi1/4 Traffic,10944
Uptime,2435
Syslog Receiver,2782
CPU Load,2900
gi3(003) to Eth1(009)_isp-wr-tp-192-168-101-221,4688
gi3(004) to Eth1(009)_isp-wr-tp-192-168-101-222,4689
gi13(013) to port1_Server_101.21,4684
gi14(014) to port2_Server_101.21,4685
Uptime,2830
System Health CPU,2891
System Health Fans,2893
System Health Memory,2892
System Health Power Supplies,2894
System Health Temperatures,2895
Syslog Receiver,2896
Gi1/0/13(20) to Gi1/0/46_mgmt-tp-10-112-11-201,3056
Gi1/0/14(21) to Gi1/0/46_mgmt-tp-10-112-11-203,3057
Gi1/0/23(40) to Gi1/0/40_mgmt-jp-192-168-99-251,8192
Uptime,2829
System Health CPU,2886
System Health Fans,2888
System Health Memory,2887
System Health Power Supplies,2889
System Health Temperatures,2890
Syslog Receiver,2975
(004) GigabitEthernet1/0/2 Traffic,3060
(005) UPLINK_192.168.101.233_MGMT Traffic,3061
Gi1/0/13(015) to Gi1/0/46_mgmt-tp-10-112-11-202,3058
Gi1/0/14(016) to Gi1/0/46_mgmt-tp-10-112-11-204,3059
Gi1/0/23 to Gi1/0/40_mgmt-jp-192-168-99-252,8193
(5001) Port-channel1 Traffic,3529
Syslog Receiver,3530
System Health CPU,6723
System Health Currents,6729
System Health Fans,6725
System Health Memory,6727
System Health Other,6730
System Health Power Supplies,6726
System Health Temperatures,6724
System Health Voltages,6728
Gi0/18(10118) to (101.100)_idrac_192.168.101.201,7975
Gi0/21(10121) to Port1_fws-tp-192-168-101-1,7976
(5001) Port-channel1 Traffic,3540
Syslog Receiver,3541
Gi0/21 to Port1_fws-tp-192-168-101-1,3554
Gi0/22 to MGMT_fws-tp-192-168-101-1(10.112.11.2),3555
Gi0/23 to MGMT_fws-tp-10-112-11-242,3556
(10124) GigabitEthernet0/24 Traffic,3557
(10125) GigabitEthernet0/25 Traffic,3558
Gi0/31 to MGMT_Fa0_ill-sw-tp-192.168.101.232,3560
Gi0/32 to MGMT_mgmt-tp-10-112-11-202,3561
Gi0/33 to MGMT_mgmt-tp-10-112-11-204,3562
Gi0/34 to MGMT_cust-tp-10-112-11-206,3563
Gi0/35 to MGMT_cust-tp-10-112-11-212,3564
Uptime,3551
System Health CPU,3569
System Health Fans,3571
System Health Memory,3570
System Health Power Supplies,3572
CPU Load,3574
(5001) Port-channel1 Traffic,2595
Syslog Receiver,2928
System Health CPU,5062
System Health Fans,5064
System Health Memory,5066
System Health Power Supplies,5065
System Health Temperatures,5063
(10101) SERVER_10.112.71.11_MGMT Traffic,5374
(10102) SERVER_10.112.71.12_MGMT Traffic,5375
(10103) SERVER_10.112.71.13_MGMT Traffic,5376
(10104) SERVER_10.112.71.14_MGMT Traffic,5377
Uptime,3897
(001) Vlan1 Traffic,3898
(10146) UPLINK_TO_101.252_Gi1/0/13 Traffic,3905
(10147) GigabitEthernet1/0/47 Traffic,3906
(10148) GigabitEthernet1/0/48 Traffic,3907
(14502) FastEthernet0 Traffic,3908
(5001) Port-channel1 Traffic,3899
System Health CPU,3911
System Health Fans,3913
System Health Memory,3912
System Health Power Supplies,3914
System Health Temperatures,3915
CPU Load,3916
Syslog Receiver,5015
(10101) SERVER_10.112.71.11_MGMT Traffic,5370
(10102) SERVER_10.112.71.12_MGMT Traffic,5371
(10103) SERVER_10.112.71.13_MGMT Traffic,5372
(10104) SERVER_10.112.71.14_MGMT Traffic,5373
(10101) vCenter-H.A_R750_Server_71.11_Vmnic9 Traffic,2601
(10102) vCenter-H.A_R750_Server_71.12_Vmnic9 Traffic,2602
(10103) vCenter-H.A_R750_Server_71.13_Vmnic9 Traffic,2603
(10104) GigabitEthernet1/0/4 Traffic,2604
(5001) Port-channel1 Traffic,2605
Syslog Receiver,2931
System Health CPU,5090
System Health Fans,5092
System Health Memory,5094
System Health Power Supplies,5093
System Health Temperatures,5091
(10101) vCenter-H.A_R750_Server_71.11_Vmnic13 Traffic,2606
(10102) vCenter-H.A_R750_Server_71.12_Vmnic13 Traffic,2607
(10103) vCenter-H.A_R750_Server_71.13_Vmnic13 Traffic,2608
(10104) GigabitEthernet1/0/4 Traffic,2609
(5001) Port-channel1 Traffic,2610
Syslog Receiver,2932
System Health CPU,5095
System Health Fans,5097
System Health Memory,5099
System Health Power Supplies,5098
System Health Temperatures,5096
(004) CONNECTED_TO_192.168.101.241_Gi0/30 Traffic,10354
(026) ###K11_LEFTSIDE_PDU### Traffic,10352
(027) ###K11_RIGHTSIDE_PDU### Traffic,10353
(053) CONNECTED_TO_192.168.101.251_Gi1/0/20 Traffic,10355
Syslog Receiver,10356
Ping,10357
Uptime,10358
Syslog Receiver,10359
Uptime,10360
Ping,10361
(004) CONNECTED_TO_192.168.101.242_Gi0/30 Traffic,10362
(053) CONNECTED_TO_192.168.101.252_Gi1/0/20 Traffic,10363
Uptime,4969
CPU Load,4983
Memory: Physical memory,4984
Syslog Receiver,5014
Eth01(1)__vNIC04-15.vc12.c02__10.112.73.15,10862
Eth02(5)__vNIC04-16.vc12.c02__10.112.73.16,10865
Eth03(9)__vNIC04-17.vc12.c02__10.112.73.17,10866
Eth04(13)__vNIC04-18.vc12.c02__10.112.73.18,10996
Eth17(65)__vNIC05-11.vc12.c02__10.112.73.11,10160
Eth-18(69)__vNIC04-12.vc12.c02__10.112.73.12,10161
Eth19(73)__vNIC04-13.vc12.c02__10.112.73.13,10162
Eth20(77)__vNIC04-14.vc12.c02__10.112.73.14,10163
Eth22(84)__vNIC06-12.vc12.c01__10.112.72.12,9813
Eth21(80)__vNIC10-11.vc12.c01__10.112.72.11,9812
Eth23(88)__vNIC10-13.vc12.c01__10.112.72.13,9814
Eth24(92)__vNIC10-14.vc12.c01__10.112.72.14,9815
Eth25(96)__vNIC08-15.vc12.c01__10.112.72.15,10164
Eth26(100)__vNIC08-16.vc12.c01__10.112.72.16,10158
Eth27(104)__vNIC08-17.vc12.c01__10.112.72.17,10159
Eth31 (120) to Eth120-31_SW-10.112.11.214,9810
Eth32 (124) to Eth124-32_SW-10.112.11.214,9811
Uptime,5010
CPU Load,5034
Memory: Physical memory,5035
Syslog Receiver,5018
Eth01(1)__vNIC14-15.vc12.c02__10.112.73.15,10868
Eth02(5)__vNIC14-16.vc12.c02__10.112.73.16,10870
Eth03(9)__vNIC14-17.vc12.c02__10.112.73.17,10871
Eth04(13)__vNIC14-18.vc12.c02__10.112.73.18,10869
Eth17(65)__vNIC08-11.vc12.c02__10.112.73.11,10167
Eth18(69)__vNIC08-12.vc12.c02__10.112.73.12,10168
Eth19(73)__vNIC08-13.vc12.c02__10.112.73.13,10169
Eth20(77)__vNIC08-14.vc12.c02__10.112.73.14,10170
Eth21(80)__vNIC12-11.vc12.c01__10.112.72.11,9822
Eth22(84)__vNIC08-12.vc12.c01__10.112.72.12,9823
Eth23(88)__vNIC12-13.vc12.c01__10.112.72.13,9824
Eth24(92)__vNIC12-14.vc12.c01__10.112.72.14,9825
Eth25(96)__vNIC10-15v.c12.c01__10.112.72.15,10171
Eth26(100)__vNIC10-16.vc12.c01__10.112.72.16,10165
Eth27(104)__vNIC10-17.vc12.c01__10.112.72.17,10166
Eth31 (120) to Eth120-31_SW-10.112.11.213,9826
Eth32 (124) to Eth124-32_SW-10.112.11.213,9827
(001) mgmt Traffic,2761
(002) ha Traffic,2762
FortiGate System Statistics,7142
SNMP System Uptime,7143
(019) Direct_Customer_1 Traffic,7687
(034) WAN_SW_101.231/232_P24 Traffic,7688
(045) 5 PAISA CAAS 20DEPTH WAN Traffic,10956
(051) 5PAISA_20DEPTH_LAN Traffic,10957
(001) mgmt Traffic,2751
(002) ha Traffic,2752
(034) SW_101.231/232_P23 Traffic,2754
FortiGate System Statistics,7141
SNMP System Uptime,7144
(019) Direct_Customer_1 Traffic,7684
(033) WAN_SW_101.231/232_P23 Traffic,7685
(045) 5 PAISA CAAS 20DEPTH WAN_Traffic,9607
(051) 5PAISA_20DEPTH_LAN Traffic,9608
(051) 5PAISA_20DEPTH_LAN Traffic,10908
wan1 Traffic,2768
LAN Traffic,2770
MGMT Traffic,2771
HA Traffic,2772
(010) HA Traffic,2769
SNMP System Uptime,7145
FortiGate System Statistics,7162
(001) mgmt Traffic,2718
(019) SW_101.231/232_P21_WAN Traffic,2719
(020) SW_101.231/232_P24_WAN Traffic,2720
(021) SW_10.112.11.205/206_P41 Traffic,2721
(022) SW_10.112.11.205/206_P42 Traffic,2722
(033) HA Traffic,2723
(034) HA Traffic,2724
Syslog Receiver,5131
Uptime,7146
FortiGate System Statistics,7629
(047) DHARMIK_LAN Traffic,11030
(001) mgmt Traffic,2729
(019) SW_101.231/232_P21_WAN Traffic,2730
(020) SW_101.231/232_P24_WAN Traffic,2731
(021) SW_10.112.11.205/206_P41 Traffic,2732
(022) SW_10.112.11.205/206_P42 Traffic,2733
(033) HA Traffic,2734
(034) HA Traffic,2735
Uptime,7147
FortiGate System Statistics,7630
(047) DHARMIK_LAN Traffic,11031
(001) mgmt Traffic,9772
(002) ha Traffic,9775
(016) SSL VPN interface Traffic,9773
(019) LAN_SW_11.211/212_PORT39 Traffic,9774
(020) LAN_SW_11.211/212_PORT40 Traffic,9776
Uptime,9777
(001) mgmt Traffic,9778
(002) ha Traffic,9779
(019) LAN_SW_11.211/212_PORT39 Traffic,9780
(020) LAN_SW_11.211/212_PORT40 Traffic,9781
(033) WAN_SW_101.231/232_P25 Traffic,9782
(034) WAN_SW_101.231/232_P26 Traffic,9783
(035) naf.root Traffic,9784
(036) l2t.root Traffic,9785
(037) IIFL_LAN_VLAN_2011 Traffic,9786
(038) IIFL_LAN_2_VLAN_2012 Traffic,9787
(042) IIFL _VLAN_310 Traffic,9788
(043) IIFL2_VLAN333 Traffic,9789
FortiGate System Statistics,10925
(016) SSL VPN interface Traffic,9795
(019) LAN_SW_11.211/212_PORT39 Traffic,9796
(020) LAN_SW_11.211/212_PORT40 Traffic,9797
(033) WAN_SW_101.231/232_P25 Traffic,9798
WAN_SW_101.231/232_P26 Traffic,9799
(037) IIFL_LAN_VLAN_2011 Traffic,9800
(038) IIFL_LAN_2_VLAN_2012 Traffic,9801
(041) IIFL_TO_CDC Traffic,9802
(043) IIFL2_VLAN333 Traffic,9804
FortiGate System Statistics,10926
(042) IIFL2 _VLAN_310 Traffic,10927
VSAN_10.112.101.11 Traffic (Eth-1),10386
VSAN_10.112.101.12 Traffic (Eth-2),10387
VSAN_10.112.101.13 Traffic (Eth-3),10388
VSAN_10.112.101.14 Traffic (Eth-4),10389
(436371456) UPLINK_TO_SW_10.112.11.207_Eth1/50 Traffic,9749
(436375552) UPLINK_TO_SW_10.112.11.208_Eth1/50 Traffic,9750
(436391936) UPLINK_192.168.101.252_Gi1/0/22 Traffic,9753
Syslog Receiver,9754
Uptime,9755
(369098791) VEEM_BACKUP_SERVER_10.112.103.61_port1 Traffic,5067
(436256768) VMOTION_10.112.101.11 Traffic,5072
(436260864) VMOTION_10.112.101.12 Traffic,5073
(436264960) VMOTION_10.112.101.13 Traffic,5074
(436305920) CUSTOMER_10.112.101.11 Traffic,5075
(436310016) CUSTOMER_10.112.101.12 Traffic,5076
(436314112) CUSTOMER_10.112.101.13 Traffic,5077
(436318208) CUSTOMER_10.112.101.14 Traffic,5078
(436355072) FGT200F_10.112.11.241_Port3 Traffic,5079
(436359168) FGT200F_10.112.11.241_Port4 Traffic,5080
(436363264) IIFL_FGT100F_10.112.11.243_Port1 Traffic,5081
(436371456) UPLINK_TO_SW_10.112.11.207_Eth1/49 Traffic,5083
(436375552) UPLINK_TO_SW_10.112.11.208_Eth1/49 Traffic,5084
(436391936) UPLINK_192.168.101.251_Gi1/0/22 Traffic,5087
Syslog Receiver,5088
System Health CPU,6753
System Health Currents,6755
System Health Other,6757
System Health Temperatures,6756
System Health Voltages,6754
(83886080) mgmt0 Traffic,3470
Syslog Receiver,3471
System Health CPU,5120
System Health Other,7136
System Health Temperatures,7135
System Health Voltages,7133
System Health Currents,7137
mgmt0 Traffic,3445
Syslog Receiver,3446
Uptime,5523
System Health CPU,6743
System Health Currents,6745
System Health Other,6747
System Health Temperatures,6746
System Health Voltages,6744
Eth1/22_VLAN-305_to_GE5_10.110.3.2,9880
Eth1/23_VLAN-306_to_GE0/0/0_10.195.49.2,9881
(10103) UPLINK_KREDENT_ROUTER_151.50 Traffic,10609
(10104) UPLINK_TO_FGT200F_10.112.11.245_Port3 Traffic,10610
(10105) UPLINK_TO_FGT200F_10.112.11.246_Port3 Traffic,10611
(10147) UPLINK_TO_FW_10.112.11.245_PORT1_LAN_DIRECT_CUSTOMER Traffic,10612
(10148) UPLINK_TO_FW_10.112.11.246_PORT1_LAN_DIRECT_CUSTOMER Traffic,10613
Uptime,10614
Ping,10615
Syslog Receiver,10616
(10147) GigabitEthernet1/0/47 Traffic,10618
(10148) GigabitEthernet1/0/48 Traffic,10619
(14502) FastEthernet0 Traffic,10621
Syslog Receiver,10622
Ping,10623
Uptime,10624
(10502) FastEthernet0 Traffic,10626
Uptime,10627
Ping,10628
Syslog Receiver,10629
(006) UPLINK_FOR_SFT203_10.112.11.208_ETH1/1 Traffic,10257
(010) AIRTEL_NSE Traffic,10252
(011) TCL_NSE Traffic,10253
(012) TCL_BSE Traffic,10254
(057) TIKONA_UPLINK Traffic,10256
Syslog Receiver,10347
(056) UPLINK_TO_AIRTEL_P2P Traffic Traffic,10693
(052) UPLINK_TO_ME3600_101.229_SW_Gi0/3 Traffic,10880
(053) UPLINK_TO_ME3600_101.230_SW_Gi0/3 Traffic,10881
(051) UPLINK_FOR_SFT203_10.112.11.208_ETH1/1 Traffic,10929
(006) UPLINK_TO_RAGHU_SW_10.246_STT-TECH_K-12 Traffic,10336
(054) UPLINK_TO_QNQ_SW_101.235_Xg0/0/1 Traffic,10335
Uptime,10339
Syslog Receiver,10346
(007) GRD_AIRTEL_NSE_100.60.247.118_PORT_23_TO_101_QNQ_ROUTER_4321_GE0/0/0 Traffic,10375
(008) GRD_TCL_CDC_MUX_172.23.180.245_PORT 7 Traffic,10376
(010) GRD_TTML__MUX_10.121.103.7_PORT 5_TO_FIREWALL_PORT_5 Traffic,10372
(055) XGigabitEthernet0/0/2 Traffic,10686
(056) XGigabitEthernet0/0/3 Traffic,10687
(052) UPLINK_TO_ME3600_101.229_SW_Gi0/4 Traffic,10878
(053) UPLINK_TO_ME3600_101.230_SW_Gi0/4 Traffic,10879
Syslog Receiver,10896
Syslog Receiver,10897
Probe Health,5508
System Health,5507
Disk Free,5509
vmxnet3 Ethernet Adapter,5510
WMI UTC Time,9448
CPU Utilization,4767
Fan 1 speed,4792
Fan 2 speed,4793
Fan 3 speed,4794
Memory Free,4768
Thermal Detector 1,4780
Thermal Detector 2,4781
Uptime,3602
Syslog Receiver,5593
(001) MIKROTIK_221_ETH1 Traffic,7945
(002) MIKROTIK_222_ETH1 Traffic,7947
TCL_GW: 121.241.91.153 Eth-1/16 (Bandwidth - 600 Mbps) {Circuit ID-091GAND0300A0080936} [MuX - ??],7946
CPU Utilization,4769
Fan 1 speed,4795
Fan 2 speed,4801
Fan 3 speed,4806
Memory Free,4774
Syslog Receiver,3609
Thermal Detector 1,4782
Thermal Detector 2,4787
Uptime,3603
Airtel_GW: 182.78.96.129 Eth-1/15 (Bandwidth - 300 Mbps) {Circuit ID-230628100032662} [MuX - ??],8029
CPU Load,4200
Disk Free: system disk,4199
Memory: main memory,4201
Uptime,4183
Syslog Receiver,4690
TCL_BGP: 121.241.91.154 Eth-1 to EC_S5520_192.168.100.147_SFP+_01,5535
Airtel_BGP: 182.78.96.132 Eth-2 to EC_S5520_192.168.100.148_SFP+_01,5536
OSPF: 10.222.6.1 Eth-5 to MTK_192.168.101.222_Eth-5 (OSPF:10.222.6.2),11099
CPU Load,4219
Disk Free: system disk,4218
Memory: main memory,4220
Uptime,4202
TCL_BGP: 121.241.91.155 Port:Eth-1 [192.168.100.147_SFP+_02],4241
Airtel_BGP: 182.78.96.133 Port:Eth-2 [192.168.100.148_SFP+_02],4242
Syslog Receiver,4691
OSPF: 10.222.6.2 Eth-5 to MTK_192.168.100.221_Eth-5 (OSPF:  10.222.6.1),11000
CPU Load,10743
Disk Free: system disk,10744
Memory: main memory,10745
SNMP System Uptime,10746
(003) sfp-sfpplus3 Traffic,10749
(001) ether13 Traffic,10968
(006) MKT-221 to MKT-223 Traffic,10990
(007) MKT- 222 to MKT -223 Traffic,10991
OSPF: 172.16.15.223 Eth-3 to MTK_192.168.100.224_Eth-3 (OSPF: 172.16.15.224),10992
Syslog Receiver,11124
Uptime,10759
CPU Load,10758
(006) sfp-sfpplus6 Traffic,10755
Disk Free: system disk,10756
Memory: main memory,10757
(001) ether13 Traffic,11001
(006) MKT-221 to MKT-224 Traffic,11011
(007) MKT-222  to MKT-224 Traffic,11012
(008) MKT -223 to MKT - 224 Traffic,11013
Syslog Receiver,11123
(002) sfp-sfpplus1 Traffic,11103
(003) sfp-sfpplus2 Traffic,11104
(004) sfp-sfpplus3 Traffic,11105
(007) sfp-sfpplus6 Traffic,11106
(018) ether1 Traffic,11102
CPU Load,11113
Disk Free: system disk,11114
Memory: main memory,11115
Uptime,11116
Syslog Receiver,11117
(002) sfp-sfpplus1 Traffic,11108
(003) sfp-sfpplus2 Traffic,11110
(004) sfp-sfpplus3 Traffic,11111
(007) sfp-sfpplus6 Traffic,11112
(018) ether1 Traffic,11107
(020) LAN_BRIDGE Traffic,11109
CPU Load,11118
Uptime,11119
Disk Free: system disk,11120
Memory: main memory,11121
Syslog Receiver,11122
Uptime,5203
System Health CPU,5237
System Health Fans,5239
System Health Memory,5238
System Health Power Supplies,5240
System Health Temperatures,5241
CPU Load,5242
(10141) UPLINK_FROM_MICROTIK_100.221_ether4 Traffic,7960
(10142) UPLINK_FROM_MICROTIK_100.223_ether6 Traffic,7961
(10141) UPLINK_FROM_MICROTIK_100.223_ether5 Traffic,10770
(10142) UPLINK_FROM_MICROTIK_100.223_ether6 Traffic,10771
Syslog Receiver,5244
(10141) UPLINK_FROM_MICROTIK_100.223_ether5 Traffic,11022
(10142) UPLINK_FROM_MICROTIK_100.223_ether6 Traffic,11023
(10147) UPLINK_TO_100.232_Gi1/0/47 Traffic,11024
(10148) UPLINK_TO_100.232_Gi1/0/48 Traffic,11025
Uptime,5205
System Health CPU,5232
System Health Fans,5234
System Health Memory,5233
System Health Power Supplies,5235
System Health Temperatures,5236
CPU Load,5243
(10131) RACK_D3_FGT100F_10.111.11.241_WAN1 Traffic,7962
(10132) RACK_D3_FGT60F_PRI_192.168.100.1_WAN2 Traffic,7963
(10133) RACK_D2_FGT100F_10.111.11.244_P-1 Traffic,7964
(10134) RACK_D2_FGT100F_10.111.11.244_P-2 Traffic,7965
(10140) RACK_D3_FGT60F_PRI_192.168.100.1_WAN1 Traffic,7966
(10141) UPLINK_FROM_MICROTIK_100.224_sfp-sfpplus5 Traffic,10765
(10142) UPLINK_FROM_MICROTIK_100.222_ether6 Traffic,10766
(10141) UPLINK_FROM_MICROTIK_100.224_sfp-sfpplus5 Traffic,10768
(10142) UPLINK_FROM_MICROTIK_100.224_sfp-sfpplus6 Traffic,10769
Syslog Receiver,5251
(10141) UPLINK_FROM_MICROTIK_100.224_sfp-sfpplus5 Traffic,11026
(10142) UPLINK_FROM_MICROTIK_100.224_sfp-sfpplus6 Traffic,11027
(10147) UPLINK_TO_100.231_Gi1/0/47 Traffic,11028
(10148) UPLINK_TO_100.231_Gi1/0/48 Traffic,11029
Syslog Receiver,5594
Uptime,5595
Uptime,5596
Syslog Receiver,5597
(014) UPLINK_MGMT_100.248 Traffic,6521
Uptime,5598
Syslog Receiver,5599
(003) UPLINK_TO_10.111.11.243_P-5_LKP Traffic,9882
(004) UPLINK_TO_10.111.11.244_P-5_LKP Traffic,9883
(047) GIFTCITY_STT_TECHNOPOLIS_P2P Traffic,9955
(060) GIFTCITY_CDC_TIKONA_P2P Traffic,9956
Uptime,5600
Syslog Receiver,5601
(011) SRV_10.111.51.11_VMNIC10_PO1_vSAN_Traffic Traffic,6531
(012) SRV_10.111.51.12_VMNIC10_PO2_vSAN_Traffic Traffic,6532
(013) SRV_10.111.51.13_VMNIC10_PO3_vSAN_Traffic Traffic,6533
(014) SRV_10.111.51.14_VMNIC4_PO4_vSAN_Traffic Traffic,6534
Uptime,5602
Syslog Receiver,5603
(10101) Host_+_vCenter_R750_Server_51.11_vmNIC- Traffic,6522
(10102) Host_+_vCenter_R750_Server_51.12_vmNIC- Traffic,6523
(10103) Host_+_vCenter_R750_Server_51.13_vmNIC- Traffic,6524
(10104) Host_+_vCenter_R750_Server_51.31_vmNIC-0 Traffic,6525
(10146) UPLINK_3850X_100.252_Gi1/0/31 Traffic,6528
(10147) UPLINK_3850X_100.52_Po1_Gi1/0/47-48 Traffic,6529
(10148) UPLINK_3850X_100.52_Po1_Gi1/0/47-48 Traffic,6530
System Health CPU,6579
System Health Fans,6581
System Health Memory,6583
System Health Power Supplies,6582
System Health Temperatures,6580
Uptime,5604
Syslog Receiver,5605
(10146) UPLINK_3850X_100.252_Gi1/0/32 Traffic,6537
(10147) UPLINK_3850X_100.51_Po1_Gi1/0/47-48 Traffic,6538
(10148) UPLINK_3850X_100.51_Po1_Gi1/0/47-48 Traffic,6539
System Health CPU,6585
System Health Fans,6587
System Health Memory,6589
System Health Power Supplies,6588
System Health Temperatures,6586
Uptime,5606
Syslog Receiver,5607
(10101) vCenter-H.A_R750_Server_51.11_Vmnic1 Traffic,6540
(10102) vCenter-H.A_R750_Server_51.12_Vmnic1 Traffic,6541
(10103) vCenter-H.A_R750_Server_51.13_Vmnic1 Traffic,6542
(10104) vCenter-H.A_R750_Server_51.14_Vmnic1 Traffic,6543
(10146) UPLINK_SW_100.252_Gi1/0/33 Traffic,6546
System Health CPU,6590
System Health Fans,6592
System Health Memory,6594
System Health Power Supplies,6593
System Health Temperatures,6591
Uptime,5608
Syslog Receiver,5609
(10101) vCenter-H.A_R750_Server_51.11_Vmnic15 Traffic,6547
(10102) vCenter-H.A_R750_Server_51.12_Vmnic15 Traffic,6548
(10103) vCenter-H.A_R750_Server_51.13_Vmnic15 Traffic,6549
(10104) vCenter-H.A_R750_Server_51.14_Vmnic13 Traffic,6550
(10146) UPLINK_SW_100.252_Gi1/0/34 Traffic,6553
System Health CPU,6595
System Health Fans,6597
System Health Memory,6599
System Health Power Supplies,6598
System Health Temperatures,6596
Uptime,5610
Syslog Receiver,5611
(436404224) UPLINK_TO_10.111.11.211_eth1/31 Traffic,6555
(436408320) UPLINK_TO_10.111.11.212_eth1/31 Traffic,6556
System Health CPU,6600
System Health Currents,6602
System Health Other,6604
System Health Temperatures,6603
System Health Voltages,6601
5PAISA_NSE_TCL Traffic,9892
5PAISA_BSE_TCL Traffic,9895
Uptime,5612
Syslog Receiver,5613
(436404224) UPLINK_TO_10.111.11.211_eth1/32 Traffic,6558
(436408320) UPLINK_TO_10.111.11.212_eth1/32 Traffic,6559
System Health CPU,6605
System Health Currents,6607
System Health Other,6609
System Health Temperatures,6608
System Health Voltages,6606
5PAISA_NSE_AIRTEL Traffic,9893
5PAISA_BSE_TIKONA Traffic,9894
Uptime,5614
Syslog Receiver,5615
(436207616) UPLINK_TO_51.11_VMNIC_2 Traffic,6560
(436211712) UPLINK_TO_51.12_VMNIC_2 Traffic,6561
(436215808) UPLINK_TO_51.13_VMNIC_2 Traffic,6562
(436219904) UPLINK_TO_51.31_VMNIC_7 Traffic,9957
(436330496) UPLINK_TO_10.111.11.205_Eth1/49 Traffic,6565
(436334592) UPLINK_TO_10.111.11.206_Eth1/49 Traffic,6566
(436391936) UPLINK_TO_192.168.100.252_Gi1/0/41 Traffic,6567
System Health CPU,6612
System Health Currents,6614
System Health Other,6616
System Health Temperatures,6615
System Health Voltages,6613
Uptime,5616
Syslog Receiver,5617
(436207616) UPLINK_TO_51.11_VMNIC_6 Traffic,6568
(436211712) UPLINK_TO_51.12_VMNIC_6 Traffic,6569
(436215808) UPLINK_TO_51.13_VMNIC_6 Traffic,6570
(436219904) UPLINK_TO_51.31_VMNIC_11 Traffic,6571
(436330496) UPLINK_TO_10.111.11.205_Eth1/50 Traffic,6574
(436334592) UPLINK_TO_10.111.11.206_Eth1/50 Traffic,6575
(436391936) UPLINK_TO_192.168.100.252_Gi1/0/42 Traffic,6576
System Health CPU,6617
System Health Currents,6619
System Health Other,6621
System Health Temperatures,6620
System Health Voltages,6618
Uptime,9916
CPU Load,9918
Physical memory,9917
Syslog Receiver,9890
(10200) PortChannel200 Traffic,9889
Eth-1/11(40)_vNIC10-vC12.C01-10.111.52.11,10997
Eth-1/12(44)_vNIC10-vC12.C01-10.111.52.12,9909
Eth-1/13(48)_vNIC10-vC12.C01-10.111.52.13,9910
Eth-1/14(52)_vNIC10-vC12.C01-10.111.52.14,9911
Ethernet120 Traffic /Eth31 (120) to Eth120-31_SW-10.111.11.214,9906
Ethernet124 Traffic /Eth32 (124) to Eth124-32_SW-10.111.11.214,9907
Uptime,9920
CPU Load,9921
Physical memory,9919
Syslog Receiver,9878
Eth-1/11(40)_vNIC12-vC12.C01-10.111.52.11,10998
Eth-1/11(44)_vNIC12-vC12.C01-10.111.52.12,9913
Eth-1/11(48)_vNIC12-vC12.C01-10.111.52.13,9914
Eth-1/11(52)_vNIC12-vC12.C01-10.111.52.14,9915
Ethernet120 Traffic /Eth31 (120) to Eth120-31_SW-10.111.11.213,9887
Ethernet124 Traffic /Eth32 (124) to Eth124-32_SW-10.111.11.213,9888
(001) mgmt Traffic,4622
(002) ha Traffic,4624
(019) SW_100.231/232_PORT31_WAN Traffic,4623
(020) SW_100.231/232_PORT34_WAN Traffic,4625
(021) SW_11.205/206_PORT_LAN Traffic,4626
(022) SW_11.205/206_PORT_LAN Traffic,4627
SNMP System Uptime,7127
FortiGate System Statistics,7172
(001) mgmt Traffic,4628
(002) ha Traffic,4630
(019) SW_100.231/232_PORT31_WAN Traffic,4629
(020) SW_100.231/232_PORT34_WAN Traffic,4631
(021) SW_11.205/206_PORT_LAN Traffic,4632
(022) SW_11.205/206_PORT_LAN Traffic,4633
SNMP System Uptime,7128
FortiGate System Statistics,7171
(002) mgmt Traffic,4610
(003) 5PAISA_WAN Traffic,4611
(005) ha1 Traffic,4612
(006) ha2 Traffic,4613
(007) port1 Traffic,4614
(008) port2 Traffic,4615
SNMP System Uptime,7129
FortiGate System Statistics,7166
(002) mgmt Traffic,4616
(003) 5PAISA_WAN Traffic,4617
(005) ha1 Traffic,4618
(006) ha2 Traffic,4619
(007) port1 Traffic,4620
(008) port2 Traffic,4621
SNMP System Uptime,7130
FortiGate System Statistics,7167
(001) wan1 Traffic,7705
(002) wan2 Traffic,7707
(010) LAN-192.168.100.0 Traffic,7706
(021) CDC-GC Traffic,7708
FortiGate System Statistics,7709
Probe Health,5502
System Health,5501
Disk Free,5503
vmxnet3 Ethernet Adapter,5504
WMI UTC Time,9449
Uptime,3605
Syslog Receiver,3616
CPU Utilization,4771
Memory Free,4776
Thermal Detector 1,4784
Thermal Detector 2,4789
Fan 1 speed,4797
Fan 2 speed,4803
Fan 3 speed,4808
Airtel:125.20.79.145 Eth-?? to (Airtel-Mux: xxxx-eth??/??) {CKT ID-230221100023924},9619
Uptime,3604
Syslog Receiver,3615
CPU Utilization,4770
Memory Free,4775
Thermal Detector 1,4783
Thermal Detector 2,4788
Fan 1 speed,4796
Fan 2 speed,4802
Fan 3 speed,4807
TCL:14.142.18.201 (Eth-?? to TCL-Mux: xxxx-eth??/??) {CKT_ID-091MUMB0300A0080938},9472
CPU Load,4142
Disk Free: system disk,4141
Memory: main memory,4145
Uptime,3958
Ether1-ASR_60.221_G0/1/0 Traffic,4248
Ether2-ASR_60.222_G0/1/1 Traffic,4249
Ether4-FGT_FW_PRI_OUT Traffic,4250
Ether5-OUT1 Traffic,4245
Ether6-OUT2(60.233-40) Traffic,4246
Ether7-OUT3(60.237-45) Traffic,4247
Syslog Receiver,4707
Ether3-60.212_ETHER_3 Traffic,7243
Vlan54 Traffic,8593
CPU Load,4144
Disk Free: system disk,4143
Memory: main memory,4146
Uptime,3960
Ether1-ASR_60.221_G0/1/1 Traffic,4254
Ether2-ASR_60.222_G0/1/0 Traffic,4255
Ether4-FGT_FW_SEC_OUT Traffic,4256
Ether5-OUT1 Traffic,4251
Ether6-OUT2(60.234-40) Traffic,4252
Ether7-OUT3(60.238-45) Traffic,4253
Syslog Receiver,4693
Ether3-60.211_ETHER_3 Traffic,7245
Vlan54 Traffic,8594
(003) sfp3 Traffic,4474
(004) sfp4 Traffic,4475
Ether1-AIRTEL-ISP Traffic,4476
Ether2-TATA Traffic,4477
Ether5-60.231-P41_FW Traffic,4478
Ether6-60.231-P42_Direct Traffic,4473
CPU Load,4360
Disk Free: system disk,4359
Memory: main memory,4361
Uptime,4257
Syslog Receiver,4694
Uptime,4362
Disk Free: system disk,4464
CPU Load,4465
Memory: main memory,4466
(003) sfp3 Traffic,4480
(004) sfp4 Traffic,4481
Ether1-AIRTEL Traffic,4482
Ether2-TATA Traffic,4483
Ether5-60.232-P41-FW Traffic,4484
Ether6-60.232-P42_Direct Traffic,4479
Syslog Receiver,4695
BGPv4 Peer: 125.20.79.146,10716
BGPv4 Peer: 14.142.18.201,8038
BGPv4 Peer: 103.1.1.1,8039
BGPv4 Peer: 104.1.1.1,8040
SNMP System Uptime,7983
System Health CPU,7984
Syslog Receiver,7990
System Health Temperatures,10699
System Health Voltages,10698
System Health Memory,10700
(001) AIRTEL_1G_SW_60.2_P-1 Traffic,10705
(002) NEW_TCL_1G_SW_60.1_P-1 Traffic,10707
(003) MKT_60.211_ETH1 Traffic,10708
(004) MKT_60.212_ETH1 Traffic,10709
(013) MGMT_UPLINK_SW_60.252_FE0/3 Traffic,10706
(004) MKT_60.212_ETH1 Traffic,10702
(003) MKT_60.211_ETH1 Traffic,10701
(018) AIRTEL_1G_SW_60.2_P-1 Traffic,7979
(023) MGMT_UPLINK_SW_60.252_FE0/3 Traffic,7980
(019) NEW_TCL_1G_SW_60.1_P-1 Traffic,10657
BGPv4 Peer: 14.142.18.201 (TCL),8042
BGPv4 Peer: 125.20.79.147 (Airtel),10717
BGPv4 Peer: 103.1.1.1,8043
BGPv4 Peer: 104.1.1.1,8044
Airtel-GW:125.20.79.147 (Gi0/03/0 to 172.60.60.2 Eth-1/2),7993
TCL-GW:14.142.18.203 (Gi0/0/0 to 172.60.60.1 Eth-1/2),7992
Mgmt (Gi0 to 172.60.60.252 FE-0/4),7994
SNMP System Uptime,7997
System Health CPU,7998
System Health Currents,8000
System Health Memory,7999
System Health Temperatures,8002
System Health Voltages,8001
Syslog Receiver,8003
BGPv4 Peer: 10.1.3.1,8052
BGPv4 Peer: 14.142.18.201,9488
BGPv4 Peer: 10.1.4.1,8053
System Health CPU,8006
System Health Currents,8010
System Health Memory,8007
System Health Other,8011
System Health Temperatures,8008
System Health Voltages,8009
UPLINK_MT_60.213_ETHER1 Traffic,8014
UPLINK_MT_60.214_ETHER1 Traffic,8015
Syslog Receiver,8016
TCL_UPLINK_60.2_EDGECORE_2G_TRAFFIC,9475
AIRTEL_UPLINK_DLINK_60.2_PORT_1/4 Traffic,9805
NEW_TCL_1G_SW_60.1_P-1 Traffic,9806
BGPv4 Peer: 125.20.79.148 (Airtel),10715
BGPv4 Peer: 14.142.18.201 (TCL),9490
BGPv4 Peer: 10.1.3.1 (MTK-60.213),8047
BGPv4 Peer: 10.1.4.1 (MTK-60.214),8048
Airtel-GW:125.20.79.148 (Gi0/0/1 to 172.60.60.2 Eth-1/3),10710
TCL-GW:14.142.18.201 (Gi0/0/2 to 172.60.60.1 Eth-1/4),9482
Mgmt (Gi0 to 172.60.60.?? FE-??),10718
SNMP System Uptime,8021
System Health CPU,8023
System Health Currents,8027
System Health Memory,8024
System Health Other,8028
System Health Temperatures,8025
System Health Voltages,8026
Syslog Receiver,8022
(10108) COMTEL_FW_60F_WAN2 Traffic,5336
(5001) Port-channel1 Traffic,5342
Syslog Receiver,5344
System Health CPU,5345
System Health Fans,5347
System Health Memory,5349
System Health Power Supplies,5348
System Health Temperatures,5346
(10131) FGT_172.60.60.194_SEC_WAN1 Traffic,7250
(10132) FGT_172.60.60.196_SEC_PORT_7 Traffic,7251
(10140) ROUTER_C_60.224_GI0 Traffic,7252
(10141) MIKROTIK_60.214_ETH5 Traffic,7253
(10142) MIKROTIK_60.214_ETH6 Traffic,7254
(10146) UPLINK_TO_60.233_Gi0/34 Traffic,7255
(5001) Port-channel1 Traffic,5317
Syslog Receiver,5319
Uptime,5320
System Health CPU,5323
System Health Currents,5329
System Health Fans,5325
System Health Memory,5327
System Health Power Supplies,5326
System Health Temperatures,5324
System Health Voltages,5328
MIKROTIK_60.213_ETH5 Traffic,10958
Uptime,5622
Syslog Receiver,5623
(5001) Port_channel_between_SW-60.233_TO_SW-60.234 Traffic,7177
System Health CPU,7191
System Health Fans,7193
System Health Memory,7195
System Health Power Supplies,7194
System Health Temperatures,7192
Uptime,5624
Syslog Receiver,5625
(5001) Port_channel_between_SW-60.233_TO_SW-60.234 Traffic,7178
System Health CPU,7186
System Health Fans,7188
System Health Memory,7190
System Health Power Supplies,7189
System Health Temperatures,7187
Uptime,5626
Syslog Receiver,5627
(5001) Port-channel1 Traffic,7180
System Health CPU,7181
System Health Fans,7183
System Health Memory,7185
System Health Power Supplies,7184
System Health Temperatures,7182
Uptime,5628
Syslog Receiver,5629
System Health CPU,7196
System Health Currents,7202
System Health Fans,7198
System Health Memory,7200
System Health Temperatures,7197
(5001) Port-channel1 Traffic,7204
System Health Power Supplies,10675
System Health Voltages,10676
(10145) INTERNET_UPLINK_MICROTIK_60.212_SFPPLUS1_COMBO-COPPER Traffic,10703
System Health Other,10704
Uptime,5630
Syslog Receiver,5631
System Health CPU,7205
System Health Fans,7207
System Health Memory,7209
System Health Temperatures,7206
(10145) UPLINK_Switch_99.251_Gi1/0/25 Traffic,7231
(10101) Host_+_vCenter_R750_Server_31.11_vmNIC-2 Traffic,7345
(10102) Host_+_vCenter_R750_Server_31.12_vmNIC-2 Traffic,7346
(10103) Host_+_vCenter_R750_Server_31.13_vmNIC-2 Traffic,7347
(10104) Host_+_vCenter_R750_Server_31.14_vmNIC-2 Traffic,7348
(10105) Host_+_vCenter_R750_Server_31.15_vmNIC-0 Traffic,7349
(10106) Host_+_vCenter_R750_Server_31.16_vmNIC-0 Traffic,7350
(10107) Host_+_vCenter_R740_Server_31.17_vmNIC-0 Traffic,7351
(10108) Host_+_vCenter_R740_Server_31.18_vmNIC- Traffic,7352
(10109) Host_+_vCenter_R740_Server_31.19_vmNIC- Traffic,7353
(10121) Host_+_vCenter_HPE385_Server_32.11_Vmnic Traffic,7357
(10122) Host_+_vCenter_HPE385_Server_32.12_Vmnic Traffic,7358
(10123) Host_+_vCenter_HPE385_Server_32.13_Vmnic Traffic,7359
(10124) Host_+_vCenter_HPE385_Server_32.14_Vmnic Traffic,7360
(10125) Host_+_vCenter_R740_Server_33.11_vmNICxx Traffic,7361
(10126) Host_+_vCenter_R740_Server_33.12_vmNICxx Traffic,7362
(10127) Host_+_vCenter_R740_Server_33.13_vmNICxx Traffic,7363
(10128) Host_+_vCenter_R740_Server_33.14_vmNICxx Traffic,7364
(10129) Host_+_vCenter_R740_Server_33.15_vmNICxx Traffic,7365
System Health Power Supplies,10681
Uptime,5632
Syslog Receiver,5633
(10145) UPLINK_Switch_99.252_Gi1/0/25 Traffic,7272
System Health CPU,7317
System Health Fans,7319
System Health Memory,7321
System Health Power Supplies,7320
System Health Temperatures,7318
(10101) Host_+_vCenter_R750_Server_31.11_vmNIC-0 Traffic,7366
(10102) Host_+_vCenter_R750_Server_31.12_vmNIC-0 Traffic,7367
(10103) Host_+_vCenter_R750_Server_31.13_vmNIC-0 Traffic,7368
(10104) Host_+_vCenter_R750_Server_31.14_vmNIC-0 Traffic,7369
(10105) Host_+_vCenter_R750_Server_31.15_vmNIC-4 Traffic,7370
(10106) Host_+_vCenter_R750_Server_31.16_vmNIC-4 Traffic,7371
(10107) Host_+_vCenter_R740_Server_31.17_vmNIC-10 Traffic,7372
(10109) Host_+_vCenter_R740_Server_31.19_vmNIC-10 Traffic,7373
(10125) Host_+_vCenter_R740_Server_33.11_vmNICxx Traffic,10719
(10126) Host_+_vCenter_R740_Server_33.12_vmNICxx Traffic,7378
(10127) Host_+_vCenter_R740_Server_33.12_vmNICxx Traffic,7379
(10128) Host_+_vCenter_R740_Server_33.14_vmNICxx Traffic,7380
(10129) Host_+_vCenter_R740_Server_33.15_vmNICxx Traffic,7381
Uptime,5634
Syslog Receiver,5635
(10145) uplink_switch_99.251_Port-26_Traffic_VLANs Traffic,7288
System Health CPU,7312
System Health Fans,7314
System Health Memory,7316
System Health Power Supplies,7315
System Health Temperatures,7313
(10101) vCenter-H.A_R750_Server_31.11_vmNIC-1 Traffic,7387
(10102) vCenter-H.A_R750_Server_31.12_vmNIC-1 Traffic,7388
(10103) vCenter-H.A_R750_Server_31.13_vmNIC-1 Traffic,7389
(10104) vCenter-H.A_R750_Server_31.14_vmNIC-5 Traffic,7390
(10105) vCenter-H.A_R750_Server_31.15_vmNIC-1 Traffic,7391
(10106) vCenter-H.A_R750_Server_31.16_vmNIC-1 Traffic,7392
(10107) vCenter-H.A_R740_Server_31.17_vmNIC-1 Traffic,7393
(10109) vCenter-H.A_R740_Server_31.19_vmNIC-1 Traffic,7394
(10121) vCenter-H.A_HPE385_Server_32.11_Vmnic Traffic,7398
(10122) vCenter-H.A_HPE385_Server_32.12_Vmnic Traffic,7399
(10123) vCenter-H.A_HPE385_Server_32.13_Vmnic Traffic,7400
(10124) vCenter-H.A_HPE385_Server_32.14_Vmnic Traffic,7401
Uptime,5636
Syslog Receiver,5637
(10101) vCenter-H.A_R750_Server_31.11_vmNIC-3 Traffic,7289
(10102) vCenter-H.A_R750_Server_31.12_vmNIC-3 Traffic,7290
(10103) vCenter-H.A_R750_Server_31.13_vmNIC-3 Traffic,7291
(10104) vCenter-H.A_R750_Server_31.14_vmNIC-1 Traffic,7292
(10105) vCenter-H.A_R750_Server_31.15_vmNIC-5 Traffic,7293
(10106) vCenter-H.A_R750_Server_31.16_vmNIC-5 Traffic,7294
(10107) vCenter-H.A_R750_Server_31.17_vmNIC-5 Traffic,7295
(10108) vCenter-H.A_R750_Server_31.18_vmNIC-5 Traffic,7296
(10109) vCenter-H.A_R750_Server_31.19_vmNIC-5 Traffic,7297
(10125) GigabitEthernet1/0/25 Traffic,7301
(10126) GigabitEthernet1/0/26 Traffic,7302
(10127) GigabitEthernet1/0/27 Traffic,7303
(10128) GigabitEthernet1/0/28 Traffic,7304
(10129) GigabitEthernet1/0/29 Traffic,7305
(10145) uplink_switch_99.252_Port-26_Traffic_VLANs Traffic,7306
System Health CPU,7307
System Health Fans,7309
System Health Memory,7311
System Health Power Supplies,7310
System Health Temperatures,7308
RUCKUS_WIFI_R550 Traffic,5674
UPLINK_CDC101_40.253_Gi1/0/52 Traffic,5675
System Health CPU,5721
System Health Currents,5727
System Health Fans,5723
System Health Memory,5725
System Health Other,5728
System Health Power Supplies,5724
System Health Temperatures,5722
System Health Voltages,5726
Uptime,7701
Syslog Receiver,8585
(10150) UPLINK_CDC101_40.253_Gi1/0/52 Traffic,10662
(10113) UPLINK_TO_40.251_PORT_Gi0/1 Traffic,10860
(10135) UPLINK_TO_200.205_ETH1/46 Traffic,5676
(10141) UPLINK_BASEMENT_RECEPTION Traffic,5678
(10143) UPLINK_BASEMENT_NOC_ROOM_40.250_Gi0/48 Traffic,5679
(10152) UPLINK_2nd_Floor_40.252_Gi1/0/50 Traffic,5680
System Health CPU,5713
System Health Fans,5715
System Health Memory,5717
System Health Power Supplies,5716
System Health Temperatures,5714
Uptime,7700
Syslog Receiver,8586
System Health Other,10679
System Health Voltages,10678
System Health Currents,10680
Uptime,8364
Syslog Receiver,8366
(010) UPLINK_TO_40.254_FW_P-4 Traffic,8461
(018) switch_10.100.11.51_mgmt_port Traffic,8464
(019) switch_10.100.11.53_mgmt_port Traffic,8465
(020) SW_10.100.11.41_Gi1/0/47 Traffic,8466
(021) SW_10.100.11.42_Gi1/0/47 Traffic,8467
(022) SW_10.100.11.43_Gi1/0/47 Traffic,8468
(023) SW_10.100.11.44_Gi1/0/47 Traffic,8469
(032) switch_11.51_Port-1/0/45_Traffic_VLANs Traffic,8470
(033) switch_11.53_Port-1/0/45_Traffic_VLANs Traffic,8471
(038) UPLINK_TO_SW_10.100.13.56A_25GE1/0/1 Traffic,8472
(042) UPLINK_10.100.11.213_ET1/32 Traffic,8473
(044) UPLINK_TO_10.100.11.249_Gi1/0/47 Traffic,8474
(046) ESXI_10.100.11.231_VMNIC2(Onboard_3rd_port) Traffic,8475
Primary_uplink_for_CDC-TP_to_TIPL-172.16.1.13_Port_36-VLAN-1139,8476
(048) CDC104_RACK3_FW_60F_192.168.40.254_P-2 Traffic,8477
(049) UPLINK_10.100.11.211_ET1/32 Traffic,8478
(053) UPLINK_CDC104_R01_100.11.252_Gi1/0/45_TRUNK Traffic,8481
(054) SW_TO_SW_10.252_Gi1/0/47(PO11) Traffic,8482
(055) SW_TO_SW_10.252_Gi1/0/48(PO11) Traffic,8483
(068) Port-channel11 Traffic,8484
(048) CDC104_RACK3_FW_60F_192.168.40.254_P-1 Traffic,8579
(010) COMTEL_FW_VLAN38/39_40.254_FW_P-4 Traffic,8580
(053) UPLINK_CDC104_R01_100.11.252_Gi1/0/45_TRUNK Traffic,8581
Uptime,8365
Syslog Receiver,8367
(008) UPLINK_192.168.40.253_GI1/0/31_TRUNK Traffic,8459
(010) UPLINK_TO_40.254_FW_P-4 Traffic,8428
(018) switch_10.100.11.52_mgmt_port Traffic,8432
(019) switch_10.100.11.54_mgmt_port Traffic,8433
(020) SW_10.100.11.41_Gi1/0/48 Traffic,8434
(021) SW_10.100.11.42_Gi1/0/48 Traffic,8435
(022) SW_10.100.11.43_Gi1/0/48 Traffic,8436
(023) SW_10.100.11.44_Gi1/0/48 Traffic,8437
(032) switch_11.52_Port-1/0/45_Traffic_VLANs Traffic,8438
(033) switch_11.54_Port-1/0/45_Traffic_VLANs Traffic,8439
(036) SERVER_192.168.99.100_LAN_Port1 Traffic,8440
(037) GigabitEthernet1/0/30 Traffic,8441
(038) UPLINK_TO_SW_10.100.13.56B_25GE2/0/1 Traffic,8442
(039) SERVER_192.168.99.103_LAN_Port3 Traffic,8443
(041) SERVER_99.101 Traffic,8445
(042) UPLINK_10.100.11.214_ET1/32 Traffic,8446
(043) GigabitEthernet1/0/36 Traffic,8447
(044) UPLINK_TO_10.100.11.249_Gi1/0/48 Traffic,8448
(045) ESXI_10.100.11.231_VMNIC0_VM_MGMT(Onboard_1st_port) Traffic,8449
(046) ESXI_10.100.11.231_VMNIC4(External_card_left_side_port) Traffic,8450
Secondary_Uplink_for_CDC-TP_to_TIPL-172.16.1.14_Port_30-VLAN-1140,8451
(048) CDC104_RACK4_FW_60F_192.168.40.254_P-2 Traffic,8452
(049) UPLINK_10.100.11.212_ET1/32 Traffic,8453
(053) UPLINK_CDC_104_R01_100.11.252_Gi1/0/46_TRUNK Traffic,8456
(054) SW_TO_SW_10.251_Gi1/0/47(PO11) Traffic,8457
(055) SW_TO_SW_10.251_Gi1/0/48(PO11) Traffic,8458
(100) Port-channel11 Traffic,8429
(010) COMTEL_FW_VLAN38/39_40.254_FW_P-4 Traffic,8582
(048) CDC104_RACK4_FW_60F_192.168.40.254_P-1 Traffic,8583
(053) UPLINK_CDC_104_R01_100.11.252_Gi1/0/46_TRUNK Traffic,8584
Uptime,9064
Syslog Receiver,9115
(004) MEth0/0/0 Traffic,9158
(015) 25GE1/0/11 Traffic srv_VSAN_10.100.32.11 vmNIC_2 Traffic,9138
(016) 25GE1/0/12 Traffic srv_VSAN_10.100.32.12 vmNIC_2 Traffic,9141
(017) 25GE1/0/13 Traffic srv_VSAN_10.100.32.13 vmNIC_2 Traffic,9142
(018) 25GE1/0/14 Traffic srv_VSAN_10.100.32.14 vmNIC_ Traffic,9143
(019) vSAN_SERVER_10.100.33.11_VMNIC Traffic,9144
(020) vSAN_SERVER_10.100.33.12_VMNIC Traffic,9145
(021) vSAN_SERVER_10.100.33.13_VMNIC Traffic,9146
(022) vSAN_SERVER_10.100.33.14_VMNIC Traffic,9147
(023) vSAN_SERVER_10.100.33.15_VMNIC Traffic,9148
(029) 25GE1/0/25 Traffic srv_Vmotion_10.100.32.11 vmNIC_3 Traffic,9149
(030) 25GE1/0/26 Traffic srv_Vmotion_10.100.32.12 vmNIC_3 Traffic,9150
(031) 25GE1/0/27 Traffic srv_Vmotion_10.100.32.13 vmNIC_3 Traffic,9151
(032) 25GE1/0/28 Traffic srv_Vmotion_10.100.32.14 vmNIC_ Traffic,9152
(033) vMotion_vBackup_SERVER_10.100.33.11_VMNIC Traffic,9153
(034) vMotion_vBackup_SERVER_10.100.33.12_VMNIC Traffic,9154
(035) vMotion_vBackup_SERVER_10.100.33.13_VMNIC Traffic,9155
(036) vMotion_vBackup_SERVER_10.100.33.14_VMNIC Traffic,9156
(037) vMotion_vBackup_SERVER_10.100.33.15_VMNIC Traffic,9157
(053) 100GE1/0/1 Traffic,9159
(054) 100GE1/0/2 Traffic,9160
(055) 100GE1/0/3 Traffic,9161
(056) 100GE1/0/4 Traffic,9162
(060) 100GE1/0/8 Traffic,9163
(061) Stack-Port1/1 Traffic,9164
(073) 25GE2/0/11 Traffic srv_VSAN_10.100.32.11 VMNIC_6 Traffic,9165
(074) 25GE2/0/12 Traffic srv_VSAN_10.100.32.12_VMNIC_6 Traffic,9166
(075) 25GE2/0/13 Traffic srv_VSAN_10.100.32.13_VMNIC_6 Traffic,9167
(076) 25GE2/0/14 Traffic srv_VSAN_10.100.32.14 vmNIC_ Traffic,9168
(077) vSAN_SERVER_10.100.33.11_VMNIC Traffic,9169
(078) vSAN_SERVER_10.100.33.12_VMNIC Traffic,9170
(079) vSAN_SERVER_10.100.33.13_VMNIC Traffic,9171
(080) vSAN_SERVER_10.100.33.14_VMNIC Traffic,9172
(081) vSAN_SERVER_10.100.33.15_VMNIC Traffic,9173
(087) 25GE2/0/25 Traffic srv_Vmotion_10.100.32.11 vmNIC_7 Traffic,9174
(088) 25GE2/0/26 Traffic srv_Vmotion_10.100.32.12 vmNIC_7 Traffic,9175
(089) 25GE2/0/27 Traffic srv_Vmotion_10.100.32.13 vmNIC_7 Traffic,9176
(090) 25GE2/0/28 Traffic srv_Vmotion_10.100.32.14 vmNIC_ Traffic,9177
(091) vMotion_vBackup_SERVER_10.100.33.11_VMNIC Traffic,9178
(092) vMotion_vBackup_SERVER_10.100.33.12_VMNIC Traffic,9179
(093) vMotion_vBackup_SERVER_10.100.33.13_VMNIC Traffic,9180
(094) vMotion_vBackup_SERVER_10.100.33.14_VMNIC Traffic,9181
(095) vMotion_vBackup_SERVER_10.100.33.15_VMNIC Traffic,9182
(111) 100GE2/0/1 Traffic,9117
(112) 100GE2/0/2 Traffic,9118
(113) 100GE2/0/3 Traffic,9119
(114) 100GE2/0/4 Traffic,9120
(125) vSAN_SERVER_10.100.33.13 Traffic,9121
(126) vSAN_SERVER_10.100.33.14 Traffic,9122
(127) vSAN_SERVER_10.100.33.15 Traffic,9123
(133) Vlanif103 Traffic,9124
(135) vMotion_vBackup_SERVER_10.100.32.11 Traffic,9125
(136) vMotion_vBackup_SERVER_10.100.32.13 Traffic,9126
(137) vMotion_vBackup_SERVER_10.100.32.14 Traffic,9127
(138) vMotion_vBackup_SERVER_10.100.32.12 Traffic,9128
(139) vSAN_SERVER_10.100.32.13 Traffic,9129
(140) vSAN_SERVER_10.100.32.14 Traffic,9130
(141) vSAN_SERVER_10.100.33.11 Traffic,9131
(143) vMotion_vBackup_SERVER_10.100.33.11 Traffic,9132
(144) vMotion_vBackup_SERVER_10.100.33.12 Traffic,9133
(145) vMotion_vBackup_SERVER_10.100.33.13 Traffic,9134
(146) vSAN_SERVER_10.100.33.12 Traffic,9135
(147) vSAN_SERVER_10.100.32.11 Traffic,9136
(148) vSAN_SERVER_10.100.32.12 Traffic,9137
(150) vMotion_vBackup_SERVER_10.100.33.14 Traffic,9139
(151) vMotion_vBackup_SERVER_10.100.33.15 Traffic,9140
Uptime,9090
Syslog Receiver,9116
(004) MEth0/0/0 Traffic,9233
(005) UPLINK_TO_192.168.99.251_G1/0/31 Traffic,9235
(015) SERVER_10.100.31.11_VMNIC10 Traffic,9202
(016) SERVER_10.100.31.12_VMNIC10 Traffic,9210
(017) SERVER_10.100.31.13_VMNIC10 Traffic,9212
(018) SERVER_10.100.31.14_VMNIC10 Traffic,9213
(019) SERVER_10.100.31.15_VMNIC10 Traffic,9214
(020) SERVER_10.100.31.16_VMNIC10 Traffic,9215
(021) SERVER_10.100.31.17_VMNIC4 Traffic,9216
(022) SERVER_10.100.31.18_VMNIC Traffic,9217
(023) SERVER_10.100.31.19_VMNIC4 Traffic,9218
(029) SERVER_10.100.31.11_VMNIC11 Traffic,9222
(030) SERVER_10.100.31.12_VMNIC11 Traffic,9223
(031) SERVER_10.100.31.13_VMNIC11 Traffic,9224
(032) SERVER_10.100.31.14_VMNIC11 Traffic,9225
(033) SERVER_10.100.31.15_VMNIC11 Traffic,9226
(034) SERVER_10.100.31.16_VMNIC11 Traffic,9227
(035) SERVER_10.100.31.17_VMNIC5 Traffic,9228
(036) SERVER_10.100.31.18_VMNIC Traffic,9229
(037) SERVER_10.100.31.19_VMNIC Traffic,9230
"(051) ""Eth-Trunk-SRV_10.100.103.62_vBackup"" Traffic",9236
"(052) ""Eth-Trunk-SRV_10.100.103.61_vBackup"" Traffic",9237
(053) 100GE1/0/1 Traffic,9238
(054) 100GE1/0/2 Traffic,9239
(055) 100GE1/0/3 Traffic,9240
(056) 100GE1/0/4 Traffic,9241
(060) 100GE1/0/8 Traffic,9242
(061) Stack-Port1/1 Traffic,9243
(063) UPLINK_TO_192.168.99.252_G1/0/31 Traffic,9244
(073) SERVER_10.100.31.11_VMNICxx Traffic,9245
(074) SERVER_10.100.31.12_VMNICXX Traffic,9246
(075) SERVER_10.100.31.13_VMNICXX Traffic,9247
(076) SERVER_10.100.31.14_vmNIC-12 Traffic,9248
(077) SERVER_10.100.31.15_VMNIC12 Traffic,9249
(078) SERVER_10.100.31.16_VMNIC12 Traffic,9250
(079) SERVER_10.100.31.17_VMNICXX Traffic,9251
(080) SERVER_10.100.31.18_VMNICXX Traffic,9252
(081) SERVER_10.100.31.19_VMNIC6 Traffic,9253
(087) SERVER_10.100.31.11_VMNIC8 Traffic,9257
(088) 25GE2/0/26 Traffic,9258
(089) 25GE2/0/27 Traffic,9259
(090) SERVER_10.100.31.14_vmNIC-13 Traffic,9260
(091) SERVER_10.100.31.15_VMNIC13 Traffic,9261
(092) SERVER_10.100.31.16_VMNIC13 Traffic,9262
(093) SERVER_10.100.31.17_VMNIC7 Traffic,9263
(094) SERVER_10.100.31.18_VMNIC Traffic,9264
(095) SERVER_10.100.31.19_VMNIC Traffic,9265
(129) Vlanif103 Traffic,9183
(130) SERVER_10.100.31.17_VLAN_102&103 Traffic,9184
(131) SERVER_10.100.31.19_VLAN_102&103 Traffic,9185
(133) SERVER_10.100.31.18_VLAN_102&103 Traffic,9186
(134) SERVER_10.100.31.11_VLAN_102&103 Traffic,9187
(135) SERVER_10.100.31.12_VLAN_102&103 Traffic,9188
(136) SERVER_10.100.31.13_VLAN_102&103 Traffic,9189
(137) SERVER_10.100.31.13_VLAN_101 Traffic,9190
(138) SERVER_10.100.31.14_VLAN_101 Traffic,9191
(139) SERVER_10.100.31.15_VLAN_101 Traffic,9192
(140) SERVER_10.100.31.14_VLAN_102&103 Traffic,9193
(141) SERVER_10.100.31.17_VLAN_101 Traffic,9194
(143) SERVER_10.100.31.12_VLAN_101 (tmp) Traffic,9196
(145) SERVER_10.100.31.13_VLAN_101 (tmp) Traffic,9197
(146) SERVER_10.100.31.15_VLAN_102&103 Traffic,9198
(151) SERVER_10.100.31.16_VLAN_102&103 Traffic,9204
(155) SERVER_10.100.31.11_VLAN_101 Traffic,9205
(156) SERVER_10.100.31.12_VLAN_101 Traffic,9206
(157) SERVER_10.100.31.16_VLAN_101 Traffic,9207
"(158) ""Eth-Trunk-SRV_10.100.103.62_vBackup"" Traffic",9208
"(159) ""Eth-Trunk-SRV_10.100.103.61_vBackup"" Traffic",9209
(10101) UPLINK_CONNECTED_TO_ANISHA_MT Traffic,10513
(10102) UPLINK_CONNECTED_TO_COMPETENT_MT Traffic,10514
(10110) UPLINK_TO_SW192.168.54.253 Traffic,10515
(10121) UPLINK_MASTER_SW_10.3.54.253(45) Traffic,10516
(10123) UPLINK_FROM_MATHISYS_50.254_G25 Traffic,10517
(10127) UPLINK_TO_COMPOSITE_QI_CAP2_10.16.1.253_P23 Traffic,10518
(10130) UPLINK_TO_10.100.11.203_Et1/30_VM_SW Traffic,10519
(10131) UPLINK_CONNECTED_TO_172.60.60.193_PORT3 Traffic,10520
(10132) UPLINK_CONNECTED_TO_172.60.60.193_PORT4 Traffic,10521
(10133) UPLINK_CONNECTED_TO_172.60.60.195_PORT8 Traffic,10522
(10135) UPLINK_CONNECTED_TO_172.60.60.191_PORT5 Traffic,10523
(5001) PO_BETWEEN_60.142/60.141 Traffic,10524
Syslog Receiver,10573
Uptime,10574
(10101) UPLINK_TO_SAMDHYAN_SRV_10.3.58.11 Traffic,10526
(10106) UPLINK_TO_PMSEC_SW_P-gi4_104/R7 Traffic,10527
(10109) UPLINK_TO_PARASRAM_MT_P-1_105/R3 Traffic,10529
(10121) UPLINK_MASTER_SW_10.3.54.253(46) Traffic,10530
(10123) UPLINK_FROM_MATHISYS_50.254_G26 Traffic,10531
(10127) UPLINK_TO_COMPOSITE_QI_CAP2_10.16.1.253_P23 Traffic,10532
(10130) UPLINK_TO_10.100.11.204_Et1/30_VM_SW Traffic,10533
(10131) UPLINK_CONNECTED_TO_172.60.60.194_PORT3 Traffic,10534
(10132) UPLINK_CONNECTED_TO_172.60.60.194_PORT4 Traffic,10535
(10133) UPLINK_CONNECTED_TO_172.60.60.196_PORT8 Traffic,10536
(10135) UPLINK_CONNECTED_TO_172.60.60.192_PORT5 Traffic,10537
(5001) PO_BETWEEN_60.142/60.141 Traffic,10538
Syslog Receiver,10575
Uptime,10576
(10101) UPLINK_TO_INTEGRATED_MASTER_103.253_Gi0/24 Traffic,10540
(10102) UPLINK_PACE_SW_172.30.108.253_Gi24 Traffic,10541
(10103) UPLINK_TO_ADROIT_82.253_G0/24 Traffic,10542
(10140) UPLINK_TO_10.100.11.205_Et1/40_VM_SW Traffic,10543
(10141) UPLINK_CONNECTED_TO_172.60.60.191_PORT3 Traffic,10544
(10142) UPLINK_CONNECTED_TO_172.60.60.193_PORT7 Traffic,10545
(10143) UPLINK_CONNECTED_TO_172.60.60.195_PORT9 Traffic,10546
(10144) UPLINK_CONNECTED_TO_172.60.60.195_PORT11 Traffic,10547
Syslog Receiver,10577
Uptime,10578
(10105) MOTILAL_CDC101_R9_192.168.251.254 Traffic,10603
(10102) UPLINK_PACE_SW_172.30.108.253_Gi24 Traffic,10607
(10141) UPLINK_CONNECTED_TO_172.60.60.192_PORT3 Traffic,10549
(10142) UPLINK_CONNECTED_TO_172.60.60.194_PORT7 Traffic,10550
(10143) UPLINK_CONNECTED_TO_172.60.60.196_PORT9 Traffic,10551
(10144) UPLINK_CONNECTED_TO_172.60.60.196_PORT11 Traffic,10552
Syslog Receiver,10579
Uptime,10580
(10105) MOTILAL_CDC101_R9_192.168.251.254 Traffic,10604
(10101) BASEMENT_UPLINK_MGMT60 Traffic,10637
(10131) UPLINK 60.233_p-42 Traffic,10638
(10144) TIKONA_MGMT_172.16.X.X_SW_172.16.1.1_Eth1/30 Traffic,10639
(10145) UPLINK_CDC104_192.168.99.251_gi1/0/45 Traffic,10640
(10146) UPLINK_CDC104_192.168.99.252_gi1/0/45 Traffic,10641
(10147) UPLINK_TO_10.100.11.206_ETH1/41 Traffic,10642
(10148) UPLINK_TO_10.100.11.205_ETH1/41 Traffic,10643
Uptime,10645
Ping,10646
Syslog Receiver,10647
(10101) UPLINK_FROM_40.252_PORT_13 Traffic,10855
Syslog Receiver,10858
SNMP Trap Receiver,10861
Ping,11033
Ethernet1/21 Traffic,11035
Ethernet1/31 Traffic,11036
Syslog Receiver,11037
System Health CPU,11038
System Health Currents,11040
System Health Other,11042
System Health Temperatures,11041
System Health Voltages,11039
Uptime,5638
Syslog Receiver,5639
System Health CPU,7322
System Health Currents,7324
System Health Other,7326
System Health Temperatures,7325
System Health Voltages,7323
(436297728) Uplink_to_Shared_Switch_11.242 Traffic,7327
(436301824) Uplink_to_Shared_Switch_11.242 Traffic,7328
(436305920) UPLINK_TO_50.253_Gi0/5 Traffic,7329
(436310016) UPLINK_TO_FW_191_P-9 Traffic,7330
(436318208) UPLINK_172.60.60.191_Port10 Traffic,7331
(436330496) COMTEL_FW_195_FW_P-20(CDC105_R5)_LAN Traffic,7332
(436334592) COMTEL_FW_195_FW_P-18(CDC105_R6)_LAN Traffic,7333
(436350976) UPLINK_TO_FW_191_P-6 Traffic,7334
(436404224) 11.211_Eth2/1 Traffic,10381
(436408320) 11.212_Eth2/1 Traffic,10382
(436412416) 11.213_ETH1/21 Traffic,10383
(436416512) 11.214_ETH1/21 Traffic,10384
Uptime,5640
Syslog Receiver,5641
System Health CPU,7335
System Health Currents,7337
System Health Other,7339
System Health Temperatures,7338
System Health Voltages,7336
(436297728) Uplink_to_Shared_Switch_11.242 Traffic,7402
(436301824) Uplink_to_Shared_Switch_11.242 Traffic,7403
(436305920) UPLINK_TO_50.253_Gi0/6 Traffic,7404
(436310016) UPLINK_TO_FW_192_P-9 Traffic,7405
(436318208) UPLINK_172.60.60.191_Port10 Traffic,7406
(436330496) COMTEL_FW_196_FW_P-20(CDC105_R6)_LAN Traffic,7407
(436334592) COMTEL_FW_196_FW_P-18(CDC105_R6)_LAN Traffic,7408
Uptime,5642
Syslog Receiver,5643
System Health CPU,7340
System Health Currents,7342
System Health Other,7344
System Health Temperatures,7343
System Health Voltages,7341
(436404224) UPLINK_CONNECTED_TO_11.211_ETH2/3 Traffic,7383
(436408320) UPLINK_CONNECTED_TO_11.212_ETH2/3 Traffic,7384
(436412416) UPLINK_CONNECTED_TO_11.213_ETH1/23 Traffic,7385
(436416512) UPLINK_CONNECTED_TO_11.214_ETH1/23 Traffic,7386
Uptime,5644
Syslog Receiver,5645
System Health CPU,7409
System Health Currents,7411
System Health Other,7413
System Health Temperatures,7412
System Health Voltages,7410
(436326400) UPLINK_TO_60.142_DIRECT+VM_CUSTOMER Traffic,7414
(436330496) FGT_60.194_Port1 Traffic,7415
(436334592) FGT_60.194_Port2 Traffic,7416
(436338688) FGT_60.194_Port5 Traffic,7417
Uptime,5646
Syslog Receiver,5647
System Health CPU,7418
System Health Currents,7420
System Health Other,7422
System Health Temperatures,7421
System Health Voltages,7419
(369098956) CONNECTED_TO_VPC_SW Traffic,7423
(436330496) UPLINK_FG100F_40.91_HA_40.91_LAN1 Traffic,7424
(436334592) UPLINK_FG100F_40.91_HA_40.91_LAN2 Traffic,7425
UPLINK_TO_172.60.60.143_Gi1/0/40 Traffic,7426
UPLINK_TO_40.253_GI1/0/35 Traffic,7428
UPLINK_CONNECTED_TO_11.211_ETH2/5 Traffic,7429
UPLINK_CONNECTED_TO_11.212_ETH2/5 Traffic,7430
UPLINK_CONNECTED_TO_11.213_ETH1/25 Traffic,7431
UPLINK_CONNECTED_TO_11.214_ETH1/25 Traffic,7432
FINDOC_NSE_COLO_172.16.1.11_PORT12 Traffic,8921
Uptime,5648
Syslog Receiver,5649
System Health CPU,7435
System Health Temperatures,7438
System Health Voltages,7436
(369098957) CONNECTED_TO_VPC_SW Traffic,10563
(436330496) UPLINK_FG100F_40.92_HA_40.91_LAN1 Traffic,10564
(436334592) UPLINK_FG100F_40.92_HA_40.91_LAN2 Traffic,10565
(436367360) UPLINK_TO_172.60.60.144_Gi1/0/40 Traffic,10566
(436391936) UPLINK_TO_40.253_GI1/0/36 Traffic,10567
(436404224) UPLINK_CONNECTED_TO_11.211_ETH2/6 Traffic,10568
(436408320) UPLINK_CONNECTED_TO_11.212_ETH2/6 Traffic,10569
(436412416) UPLINK_CONNECTED_TO_11.213_ETH1/26 Traffic,10570
(436416512) UPLINK_CONNECTED_TO_11.214_ETH1/26 Traffic,10571
Uptime,5650
Syslog Receiver,5651
System Health CPU,7449
System Health Currents,7451
System Health Other,7453
System Health Temperatures,7452
System Health Voltages,7450
Uptime,5652
Syslog Receiver,5653
System Health CPU,7454
System Health Currents,7456
System Health Other,7458
System Health Temperatures,7457
System Health Voltages,7455
Uptime,5654
Syslog Receiver,5655
System Health CPU,7459
System Health Currents,7461
System Health Other,7463
System Health Temperatures,7462
System Health Voltages,7460
(436207616) PO1_Vcenter04 Traffic,7520
(436211712) PO2_Vcenter04 Traffic,7521
(436215808) PO3_Vcenter04 Traffic,7522
(436219904) PO4_Vcenter04 Traffic,7523
(436224000) PO5_Vcenter05 Traffic,7524
(436228096) PO6_Vcenter05 Traffic,7525
(436232192) PO7_Vcenter05 Traffic,7526
(436236288) PO8_Vcenter05 Traffic,7527
(436240384) PO9_Vcenter05 Traffic,7528
(436334592) UPLINK_TO_99.251_Gi1/0/42 Traffic,7529
(436731904) UPLINK_TO_11.201_Eth1/49 Traffic,7530
(436736000) UPLINK_TO_11.202_Eth1/49 Traffic,7531
(436740096) UPLINK_TO_11.203_Eth1/49 Traffic,7532
(436744192) UPLINK_TO_11.204_Eth1/49 Traffic,7533
(436748288) UPLINK_TO_11.205_Eth1/49 Traffic,7534
(436752384) UPLINK_TO_11.206_Eth1/49 Traffic,7535
(436789248) SW_TO_SW_11.211 & 11.212 Eth1/15 Traffic,7536
(436793344) SW_TO_SW_11.211 & 11.212 Eth1/16 Traffic,7537
Uptime,5656
Syslog Receiver,5657
System Health CPU,7497
System Health Currents,7499
System Health Other,7501
System Health Temperatures,7500
System Health Voltages,7498
(436207616) PO1_Vcenter04 Traffic,7502
(436211712) PO2_Vcenter04 Traffic,7503
(436215808) PO3_Vcenter04 Traffic,7504
(436219904) PO4_Vcenter04 Traffic,7505
(436224000) PO5_Vcenter05 Traffic,7506
(436228096) PO6_Vcenter05 Traffic,7507
(436232192) PO7_Vcenter05 Traffic,7508
(436236288) PO8_Vcenter05 Traffic,7509
(436240384) PO9_Vcenter05 Traffic,7510
(436334592) UPLINK_TO_99.252_Gi1/0/42 Traffic,7511
(436731904) UPLINK_TO_11.201_Eth1/50 Traffic,7512
(436736000) UPLINK_TO_11.202_Eth1/50 Traffic,7513
(436740096) UPLINK_TO_11.203_Eth1/50 Traffic,7514
(436744192) UPLINK_TO_11.204_Eth1/50 Traffic,7515
(436748288) UPLINK_TO_11.205_Eth1/50 Traffic,7516
(436752384) UPLINK_TO_11.206_Eth1/50 Traffic,7517
(436789248) SW_TO_SW_11.211 & 11.212 Eth1/15 Traffic,7518
(436793344) SW_TO_SW_11.211 & 11.212 Eth1/16 Traffic,7519
Uptime,5658
Syslog Receiver,5659
System Health CPU,7538
System Health Currents,7540
System Health Other,7542
System Health Temperatures,7541
System Health Voltages,7539
(436207616) SRV_10.100.31.11_vmNIC-2 Traffic,7562
(436211712) SRV_10.100.31.12_vmNIC-2 Traffic,7563
(436215808) SRV_10.100.31.13_vmNIC-2 Traffic,7564
(436219904) SRV_10.100.31.14_vmNIC-2 Traffic,7565
(436224000) SRV_10.100.31.15_vmNIC-2 Traffic,7566
(436228096) SRV_10.100.31.16_vmNIC-2 Traffic,7567
(436232192) SRV_10.100.31.17 Traffic,7568
(436236288) SRV_10.100.31.18 Traffic,7569
(436240384) SRV_10.100.31.19 Traffic,7570
(436289536) SW_10.201_Eth1/51 Traffic,7574
(436293632) SW_10.202_Eth1/51 Traffic,7575
(436297728) SW_10.203_Eth1/51 Traffic,7576
(436301824) SW_10.204_Eth1/51 Traffic,7577
(436305920) SW_10.205_Eth1/51 Traffic,7578
(436310016) SW_10.206_Eth1/51 Traffic,7579
(436322304) UPLINK_TO_99.251_Gi1/0/35 Traffic,7580
(436330496) SW_11.214_ETH1/31 Traffic,7581
(436334592) SW_11.214_ETH1/32 Traffic,7582
Uptime,5660
Syslog Receiver,5661
System Health CPU,7583
System Health Currents,7585
System Health Other,7587
System Health Temperatures,7586
System Health Voltages,7584
(436207616) SRV_10.100.31.11_vmNIC-6 Traffic,7588
(436211712) SRV_10.100.31.12_vmNIC-6 Traffic,7589
(436215808) SRV_10.100.31.13_vmNIC-6 Traffic,7590
(436219904) SRV_10.100.31.14_vmNIC-6 Traffic,7591
(436224000) SRV_10.100.31.15_vmNIC-6 Traffic,7592
(436228096) SRV_10.100.31.16_vmNIC-6 Traffic,7593
(436232192) SRV_10.100.31.17 Traffic,7594
(436236288) SRV_10.100.31.18 Traffic,7595
(436240384) SRV_10.100.31.19 Traffic,7596
(436289536) SW_10.201_Eth1/52 Traffic,7600
(436293632) SW_10.202_Eth1/52 Traffic,7601
(436297728) SW_10.203_Eth1/52 Traffic,7602
(436301824) SW_10.204_Eth1/52 Traffic,7603
(436305920) SW_10.205_Eth1/52 Traffic,7604
(436310016) SW_10.206_Eth1/52 Traffic,7605
(436322304) UPLINK_TO_99.252_Gi1/0/35 Traffic,7606
(436330496) SW_11.213_ETH1/31 Traffic,7607
(436334592) SW_11.213_ETH1/32 Traffic,7608
Uptime,4516
(002) mgmt Traffic,4518
(003) wan1 Traffic,4526
(004) wan2 Traffic,4530
(005) ha1 Traffic,4531
(006) ha2 Traffic,4532
(028) CDC104/105_DIRECT_CUSTOME Traffic,4524
(030) DC_101_60.143 & 144_Gi41 Traffic,4527
FortiGate System Statistics,5545
Syslog Receiver,5685
SNMP System Uptime,7150
(051) GRD_LAN Traffic,10378
(052) GRD_WAN Traffic,10379
(025) RAGHU_LAN1 Traffic,10735
(002) mgmt Traffic,4533
(003) wan1 Traffic,4540
(004) wan2 Traffic,4544
(005) ha1 Traffic,4545
(006) ha2 Traffic,4546
(030) DC_101_60.143 & 144_Gi41 Traffic,4541
FortiGate System Statistics,4663
SNMP System Uptime,7151
(002) mgmt Traffic,4552
(003) wan1 Traffic,4553
(004) wan2 Traffic,4554
(006) ha2 Traffic,4555
(007) 1-VM_CUSTOMER Traffic,4556
(008) 2-DIRECT CUSTOMER Traffic,4557
(009) 3-DIRECT CUSTOMER Traffic,4558
(010) 4-DIRECT CUSTOMER Traffic,4547
(011) 5-VM_11.203 & 204_33 Traffic,4548
(013) SW_172.60.60.143/144_P-42 Traffic,4549
FortiGate System Statistics,4664
SNMP System Uptime,7152
(002) mgmt Traffic,4564
(003) wan1 Traffic,4565
(004) wan2 Traffic,4566
(005) ha1 Traffic,4567
(006) ha2 Traffic,4568
(007) 1-VM_CUSTOMER Traffic,4569
(008) 2-DIRECT CUSTOMER Traffic,4570
(009) 3-DIRECT CUSTOMER Traffic,4571
(010) 4-DIRECT CUSTOMER Traffic,4559
(011) 5-VM_11.203 & 204_33 Traffic,4560
(013) SW_172.60.60.143/144_P-42 Traffic,4561
FortiGate System Statistics,4665
SNMP System Uptime,7153
(002) mgmt Traffic,4579
(005) ha1 Traffic,4589
(006) ha2 Traffic,4590
(019) UPLINK_TO_231/232_Gi0/32 Traffic,4578
(020) UPLINK _TO_141/142_Gi0/33 Traffic,4580
(021) SW_172.60.60.143/144_P-43 Traffic,4581
(029) WAN_60.237_P-26 Traffic,4583
(030) SW_11.201_VM_SW_P-32_LAN Traffic,4585
(031) SW_60.238_P-25_WAN Traffic,4586
(032) SW_11.202_VM_SW_P-31_LAN Traffic,4587
Uptime,7154
FortiGate System Statistics,7175
(002) mgmt Traffic,4598
(005) ha1 Traffic,4608
(006) ha2 Traffic,4609
(019) UPLINK_TO_231/232_Gi0/32 Traffic,4597
(020) UPLINK _TO_141/142_Gi0/33 Traffic,4599
(021) SW_172.60.60.143/144_P-43 Traffic,4600
(029) WAN_60.237_P-26 Traffic,4602
(030) SW_11.201_VM_SW_P-32_LAN Traffic,4604
(031) SW_60.238_P-25_WAN Traffic,4605
(032) SW_11.202_VM_SW_P-31_LAN Traffic,4606
Uptime,7155
FortiGate System Statistics,7176
Uptime,4698
(001) NAVIA_WAN Traffic,4700
(002) ASHLAR_WAN Traffic,4703
(003) a Traffic,4704
(004) b Traffic,4705
(007) NAVIA_LAN Traffic,4706
(013) ASHLAR_LAN Traffic,4701
(014) internal1 Traffic,4702
FortiGate System Statistics,7139
SNMP System Uptime,7156
(001) NAVIA_WAN Traffic,4634
(002) ASHLAR_WAN Traffic,4637
(007) NAVIA_LAN Traffic,4638
(009) LAN_60 Traffic,4639
(013) ASHLAR_LAN Traffic,4635
(014) internal1 Traffic,4636
FortiGate System Statistics,7138
SNMP System Uptime,7157
(002) mgmt Traffic,4654
(003) CDC_WAN Traffic,4655
(004) CAAS_WAN Traffic,4656
(005) ha1 Traffic,4657
(006) ha2 Traffic,4658
(007) CDC_LAN Traffic,4659
(009) port3 Traffic,4661
(010) ASHISH_COMPOSITE_MCAST Traffic,4651
(011) MERU_CAPITAL_MCAST Traffic,4652
(012) CDC-LAN-202 Traffic,4653
5PAISA_50DEPTH,5382
FortiGate System Statistics,4671
5PAISA_RETAIL,5383
SNMP System Uptime,7158
(002) mgmt Traffic,4643
(003) CDC_WAN Traffic,4644
(004) CAAS_WAN Traffic,4645
(005) ha1 Traffic,4646
(006) ha2 Traffic,4647
(007) CDC_LAN Traffic,4648
(009) port3 Traffic,4650
(010) ASHISH_COMPOSITE_MCAST Traffic,4640
(011) MERU_CAPITAL_MCAST Traffic,4641
(012) CDC-LAN-202 Traffic,4642
FortiGate System Statistics,4670
SNMP System Uptime,7159
Syslog Receiver,8489
(001) WAN Traffic,8525
(002) WAN Traffic,8526
(003) TIKONA_LAN Traffic,8527
(005) COMTEL_LAN60 Traffic,8528
(006) COMTEL_LAN40 Traffic,8529
(007) UPLINK_TO_99.251/252_P-3 Traffic,8530
Uptime,8532
Uptime,10405
FortiGate System Statistics,10406
SNTP-99.203,10083
SNTP-99.204,10085
Syslog Receiver,10886
(10101) AIRTEL_UPLINK Traffic,10888
(10102) UPLINK_TO_99.230_Gi0/2 Traffic,10889
Syslog Receiver,10887
(10101) GigabitEthernet0/1 Traffic,10890
(10102) GigabitEthernet0/2 Traffic,10891
(10103) GigabitEthernet0/3 Traffic,10892
(10104) GigabitEthernet0/4 Traffic,10893
(054) UPLINK_TO_QNQ_SW_99.235_Xg0/0/1 Traffic,10341
Uptime,10343
Syslog Receiver,10345
(007) GRD_AIRTEL_NSE_100.60.247.118_PORT_23_TO_101_QNQ_ROUTER_4321_GE0/0/0 Traffic,10369
(008) GRD_TCL_CDC_MUX_172.23.180.245_PORT 7 Traffic,10370
(009) GRD_TTML__MUX_10.79.18.242_PORT 8_TO_FIREWALL_PORT_2 Traffic,10371
(010) GRD_TTML__MUX_10.121.103.7_PORT 5_TO_FIREWALL_PORT_5 Traffic,10366
(011) GRD_TTML__MUX_10.121.103.40_PORT 1-7-1_TO_FIREWALL_PORT Traffic,10367
(012) GRD_TTML__MUX_10.121.103.7_PORT 3_(1-7-1)_TO_SW_SG350(54.253) Traffic,10368
(052) UPLINK_TO_ME3600_99.229_SW_Gi0/4 Traffic,10874
(053) UPLINK_TO_ME3600_99.230_SW_Gi0/4 Traffic,10875
Syslog Receiver,10344
(006) UPLINK_FOR_SFT203_10.100.11.203_ETH1/1 Traffic,10247
(007) UPLINK_TO_104/R6_SYNERGY_SW_100.251_Gi0/48 Traffic,10248
(010) SYNERGY_AIRTEL_NSE_MUX_10.235.1.82_PORT 12_VIA_RACK_9_PATCH_PANEL_PORT 10 Traffic,10241
(011) SYNERGY_TCL_NSE_MUX_172.23.78.111_PORT 1_VIA_RACK_6_PATCH_PANEL_PORT 1 Traffic,10242
(012) SYNERGY_TCL_BSE_MCX_172.23.180.245_PORT 1_VIA_RACK_6_PATCH_PANEL_PORT 20 Traffic,10243
(013) SYNERGY_TTML_KOLKATA_MUX_10.121.103.8_PORT 1_VIA_RACK_9_PATCH_PANEL_PORT 12 Traffic,10244
(057) TIKONA_UPLINK Traffic,10246
(056) UPLINK_TO_AIRTEL_P2P Traffic,10691
(057) UPLINK_TO_TIKONA_P2P Traffic,10692
(052) UPLINK_TO_ME3600_99.229_SW_Gi0/3 Traffic,10876
(053) UPLINK_TO_ME3600_99.230_SW_Gi0/3 Traffic,10877
(051) UPLINK_FOR_SFT203_10.100.11.203_ETH1/1 Traffic,10928
Probe Health,2071
System Health,2070
WMI UTC Time,3617
SNMP System Uptime,10502
SNMP CPU Load,10505
SNMP Meminfo,10506
Disk Free: /,10507
Disk Free: /home,10508
Physical Disk: sda,10553
Physical Disk: sda1,10554
SNMP Load Avg.,10555
(001) lo Traffic,10590
(002) ens33 Traffic,10591
Uptime,3095
Dell System Health 31-11-c01-jp01,3105
NonRAID Physical Disk 0:1:0,3111
NonRAID Physical Disk 0:1:2,3110
NonRAID Physical Disk 0:1:3,3109
NonRAID Physical Disk 0:1:5,3108
NonRAID Physical Disk 0:1:6,3107
NonRAID Physical Disk 0:1:7,3106
PCIe SSD in Slot 22 in Bay 2,3112
PCIe SSD in Slot 23 in Bay 2,3113
SSD 0,3114
SSD 1,3115
Uptime,3174
Dell System Health 31-12-c01-jp01,3184
NonRAID Physical Disk 0:1:0,3190
NonRAID Physical Disk 0:1:1,3186
NonRAID Physical Disk 0:1:2,3185
NonRAID Physical Disk 0:1:3,3189
NonRAID Physical Disk 0:1:4,3188
NonRAID Physical Disk 0:1:5,3187
PCIe SSD in Slot 22 in Bay 2,3191
PCIe SSD in Slot 23 in Bay 2,3192
SSD 0,3193
SSD 1,3194
Uptime,3198
Dell System Health 31-13-c01-jp01,3208
NonRAID Physical Disk 0:1:0,3209
NonRAID Physical Disk 0:1:1,3210
NonRAID Physical Disk 0:1:2,3211
NonRAID Physical Disk 0:1:4,3212
NonRAID Physical Disk 0:1:5,3213
NonRAID Physical Disk 0:1:6,3214
PCIe SSD in Slot 22 in Bay 2,3216
PCIe SSD in Slot 23 in Bay 2,3215
SSD 0,3217
SSD 1,3218
Uptime,3227
Dell System Health 31-14-c01-jp01.comtelindia.com,3238
NonRAID Physical Disk 0:1:0,3241
NonRAID Physical Disk 0:1:1,3240
NonRAID Physical Disk 0:1:2,3244
NonRAID Physical Disk 0:1:3,3243
NonRAID Physical Disk 0:1:4,3242
NonRAID Physical Disk 0:1:5,3239
PCIe SSD in Slot 22 in Bay 2,3246
PCIe SSD in Slot 23 in Bay 2,3245
SSD 0,3247
SSD 1,3248
Uptime,3250
Dell System Health 31-15-c01-jp01,3260
NonRAID Physical Disk 0:1:1,3265
NonRAID Physical Disk 0:1:2,3266
NonRAID Physical Disk 0:1:4,3264
NonRAID Physical Disk 0:1:5,3262
NonRAID Physical Disk 0:1:6,3263
NonRAID Physical Disk 0:1:7,3261
PCIe SSD in Slot 22 in Bay 2,3268
PCIe SSD in Slot 23 in Bay 2,3267
SSD 0,3269
SSD 1,3270
Uptime,3272
Dell System Health 31-16-c01-jp01,3282
NonRAID Physical Disk 0:1:0,3288
NonRAID Physical Disk 0:1:1,3287
NonRAID Physical Disk 0:1:2,3286
NonRAID Physical Disk 0:1:4,3285
NonRAID Physical Disk 0:1:5,3283
NonRAID Physical Disk 0:1:7,3284
PCIe SSD in Slot 22 in Bay 2,3289
PCIe SSD in Slot 23 in Bay 2,3290
SSD 0,3291
SSD 1,3292
Uptime,3295
Dell System Health 31-17-c01-jp01,3303
Physical Disk 0:1:0,3304
Physical Disk 0:1:3,3305
Physical Disk 0:1:4,3306
Physical Disk 0:1:5,3307
Physical Disk 0:1:6,3308
Physical Disk 0:1:7,3309
SSD 0,3310
SSD 1,3311
Uptime,3316
Dell System Health 31-18-c01-jp01,3324
Physical Disk 0:1:0,3325
Physical Disk 0:1:1,9391
Physical Disk 0:1:2,3327
Physical Disk 0:1:4,3328
Physical Disk 0:1:6,3329
Physical Disk 0:1:7,3330
SSD 0,3331
SSD 1,3332
Uptime,3334
Dell System Health 31-19-c01-jp01,3342
Physical Disk 0:1:0,3343
Physical Disk 0:1:1,3344
Physical Disk 0:1:2,3345
Physical Disk 0:1:3,3346
Physical Disk 0:1:4,3347
Physical Disk 0:1:5,3348
Physical Disk 0:1:6,3349
Physical Disk 0:1:7,3350
Solid State Disk 0:1:17,3356
Solid State Disk 0:1:18,3351
Solid State Disk 0:1:19,3352
Solid State Disk 0:1:20,3353
Solid State Disk 0:1:21,3354
Solid State Disk 0:1:22,3355
SSD 0,3357
SSD 1,3358
System Uptime,3631
HPE ProLiant System Health,3629
Physical Disk: Port=1I:Box=1:Bay=10 WBM7HS7R,3626
Physical Disk: Port=1I:Box=1:Bay=11 WBM7FVFC,3625
Physical Disk: Port=1I:Box=1:Bay=12 WBM7FSMN,3622
Physical Disk: Port=1I:Box=1:Bay=21 WBM7FV58,3624
Physical Disk: Port=1I:Box=1:Bay=22 WBM7FS8D,3621
Physical Disk: Port=1I:Box=1:Bay=3 S2JVNA0H917187,3619
Physical Disk: Port=1I:Box=1:Bay=4 S394NA0HB07277,3620
Physical Disk: Port=1I:Box=1:Bay=9 WBM7FTC1,3623
SNMP System Uptime,3670
SNMP HP System Health,3661
Physical Disk: Port=1I:Box=1:Bay=1 WBM7EKW5,3662
Physical Disk: Port=1I:Box=1:Bay=19 S394NA0HB08375,3668
Physical Disk: Port=1I:Box=1:Bay=2 WBM7FV3R,3663
Physical Disk: Port=1I:Box=1:Bay=20 S2JVNA0H915483,3669
Physical Disk: Port=1I:Box=1:Bay=5 WBM7FTBX,3664
Physical Disk: Port=1I:Box=1:Bay=6 WBM7HRR5,3665
Physical Disk: Port=1I:Box=1:Bay=7 WBM7FT7B,3666
Physical Disk: Port=1I:Box=1:Bay=8 WBM7FWHY,3667
System Uptime,3642
HPE ProLiant System Health,3643
Physical Disk: Port=1I:Box=1:Bay=10 WBM7J2BL,3640
Physical Disk: Port=1I:Box=1:Bay=13 WBM7HCVY,3639
Physical Disk: Port=1I:Box=1:Bay=14 WBM7FTQD,3638
Physical Disk: Port=1I:Box=1:Bay=15 WBM7J8SM,3641
Physical Disk: Port=1I:Box=1:Bay=16 WBM7FSR1,3636
Physical Disk: Port=1I:Box=1:Bay=3 S2JVNAAH703460,3634
Physical Disk: Port=1I:Box=1:Bay=4 S2JVNAAH703464,3635
Physical Disk: Port=1I:Box=1:Bay=9 WBM7FSS4,3637
System Uptime,3648
HPE ProLiant System Health,3649
HPE Proliant System Details,5404
Virtual Disk: Raid 1 Status,5405
HpeServerPowerSupply (SMPS 1),5402
HpeServerPowerSupply (SMPS 2),5403
Uptime,3397
Dell System Health 33-11-c01-jp04.comtelindia.com,3406
Physical Disk 0:1:0,3407
Physical Disk 0:1:1,3408
Physical Disk 0:1:2,3409
Physical Disk 0:1:3,3410
Physical Disk 0:1:4,3411
Physical Disk 0:1:5,3412
Physical Disk 0:1:6,3413
Physical Disk 0:1:7,3414
SSD 0,3415
SSD 1,3416
Uptime,3423
Dell System Health 33-12-c01-jp04.comtelindia.com,3433
Physical Disk 0:1:0,3434
Physical Disk 0:1:1,3435
Physical Disk 0:1:2,3436
Physical Disk 0:1:3,3437
Physical Disk 0:1:4,3438
Physical Disk 0:1:5,3439
Physical Disk 0:1:6,3440
Physical Disk 0:1:7,3441
SSD 0,3442
SSD 1,3443
Uptime,3494
Dell System Health 33-13-c01-jp04.comtelindia.com,3502
Physical Disk 0:1:0,3503
Physical Disk 0:1:1,3504
Physical Disk 0:1:2,3505
Physical Disk 0:1:3,3506
Physical Disk 0:1:4,3507
Physical Disk 0:1:5,3508
Physical Disk 0:1:6,3509
Physical Disk 0:1:7,3510
SSD 0,3511
SSD 1,3512
Uptime,3449
Dell System Health 33-14-c01-jp04.comtelindia.com,3455
Physical Disk 0:1:1,3478
Physical Disk 0:1:2,3479
Physical Disk 0:1:4,3481
Physical Disk 0:1:6,3480
SSD 0,3476
SSD 1,3477
SNMP System Uptime,3514
Dell System Health 33-15-c01-jp04,3515
Physical Disk 0:1:0,3519
Physical Disk 0:1:1,3521
Physical Disk 0:1:2,3518
Physical Disk 0:1:3,3520
SSD 0,3516
SSD 1,3517
Uptime,8648
Lenovo System Health: (J900NXFH),9877
Virtual Disk: VD_R1_1,10815
Physical Disk: M.2 - Bay 0 | SSD | LEN,8638
Physical Disk: M.2 - Bay 1 | SSD | LEN,8639
Physical Disk: Bay 0 | NVME | MICRON,8633
Physical Disk: Bay 1 | NVME | MICRON,8634
Physical Disk: Bay 2 | NVME | MICRON,8635
Physical Disk: Bay 3 | NVME | MICRON,8636
Physical Disk: Bay 4 | NVME | MICRON,8637
Physical Disk: Bay 5 | NVME | MICRON,8640
Physical Disk: Bay 6 | NVME | INTEL,8641
Physical Disk: Bay 7 | NVME | INTEL,8642
Table: 1.3.6.1.4.1.19046.11.1.1.12.2 / Drive 0,10841
Uptime,8660
Lenevo System Health,8649
Virtual Disk: RAID -1 (447.069 GB),11134
Physical Disk: M.2 Bay 0 | SATA | LEN,8678
Physical Disk: M.2 Bay 1 | SATA | LEN,8679
Physical Disk: Bay 0 | NVME | MICRON,8673
Physical Disk: Bay 1 | NVME | MICRON,8674
Physical Disk: Bay 2 | NVME | MICRON,8675
Physical Disk: Bay 3 | NVME | MICRON,8676
Physical Disk: Bay 4 | NVME | MICRON,8677
Physical Disk: Bay 5 | NVME | MICRON,8680
Physical Disk: Bay 6 | NVME | INTEL,8681
Physical Disk: Bay 7 | NVME | INTEL,8682
Power Supply: PSU1 (D1DG33S00KV),9431
Power Supply: PSU2 (D1DG33S00KX),9432
Uptime,8683
Lenevo System Health,8684
Virtual Disk: RAID - 1 (447.069 GB),11135
Physical Disk: M.2 Bay 0 | SATA | LEN,8693
Physical Disk: M.2 Bay 1 | SATA | LEN,8694
Physical Disk: Bay 0 | NVME | MICRON,8685
Physical Disk: Bay 1 | NVME | MICRON,8686
Physical Disk: Bay 2 | NVME | MICRON,8687
Physical Disk: Bay 3 | NVME | MICRON,8688
Physical Disk: Bay 4 | NVME | MICRON,8689
Physical Disk: Bay 5 | NVME | MICRON,8690
Physical Disk: Bay 6 | NVME | INTEL,8691
Physical Disk: Bay 7 | NVME | INTEL,8692
Uptime,8695
Lenevo System Health (J900NXFK),9492
Virtual Disk: RAID - 1 (447.069 GB),11136
Physical Disk: M.2 Bay 0 | SATA | LEN,8705
Physical Disk: M.2 Bay 1 | SATA | LEN,8706
Physical Disk: Bay 0 | NVME | MICRON,8697
Physical Disk: Bay 1 | NVME | MICRON,8698
Physical Disk: Bay 2 | NVME | MICRON,8699
Physical Disk: Bay 3 | NVME | MICRON,8700
Physical Disk: Bay 4 | NVME | MICRON,8701
Physical Disk: Bay 5 | NVME | MICRON,8702
Physical Disk: Bay 6 | NVME | INTEL,8703
Physical Disk: Bay 7 | NVME | INTEL,8704
SNMP System Uptime,10283
Lenevo System Health (J9010L33),10320
Virtual Disk: RAID - 1 (447.069 GB),11137
M.2 Drive 0_480GB M.2 SATA SSD,10326
M.2 Drive 1_480GB M.2 SATA SSD,10327
Drive 0_1.60TB NVMe SSD,10321
Drive 1_1.60TB NVMe SSD,10322
Drive 2_1.60TB NVMe SSD,10323
Drive 3_1.60TB NVMe SSD,10324
Drive 4_1.60TB NVMe SSD,10325
Drive 5_1.60TB NVMe SSD,10328
Drive 6_1.60TB NVMe SSD,10329
Drive 7_1.60TB NVMe SSD,10330
System Uptime,10281
Lenevo System Health (J9010L32),10282
Virtual Disk: RAID - 1 (447.069 GB),11138
M.2 Drive 0_480GB M.2 SATA SSD,10301
M.2 Drive 1_480GB M.2 SATA SSD,10302
Drive 0_1.60TB NVMe SSD,10296
Drive 1_1.60TB NVMe SSD,10297
Drive 2_1.60TB NVMe SSD,10298
Drive 3_1.60TB NVMe SSD,10299
Drive 4_1.60TB NVMe SSD,10300
Drive 5_1.60TB NVMe SSD,10303
Drive 6_1.60TB NVMe SSD,10304
Drive 7_1.60TB NVMe SSD,10305
System Uptime,10307
Lenevo System Health (J9010L34),10319
Virtual Disk: RAID - 1 (447.069 GB),11139
M.2 Drive 0_480GB M.2 SATA SSD,10309
M.2 Drive 1_480GB M.2 SATA SSD,10310
Drive 0_1.60TB NVMe SSD,10311
Drive 1_1.60TB NVMe SSD,10312
Drive 2_1.60TB NVMe SSD,10313
Drive 3_1.60TB NVMe SSD,10314
Drive 4_1.60TB NVMe SSD,10315
Drive 5_1.60TB NVMe SSD,10316
Drive 6_1.60TB NVMe SSD,10317
Drive 7_1.60TB NVMe SSD,10318
Uptime,10178
Dell System Health 73-11-vc12-c02-tp,10186
PCIe SSD in Slot 3 Disk 1,10189
Solid State Disk 0:1:0,10190
Solid State Disk 0:1:1,10191
Solid State Disk 0:1:2,10192
SSD 0,10187
SSD 1,10188
Uptime,10194
Dell System Health 73-12-vc12-c02-tp,10220
PCIe SSD in Slot 3 Disk 1,10223
Solid State Disk 0:1:0,10224
Solid State Disk 0:1:1,10225
Solid State Disk 0:1:2,10226
SSD 0,10221
SSD 1,10222
Uptime,10202
Dell System Health 73-13-vc12-c02-tp,10227
PCIe SSD in Slot 3 Disk 1,10230
Solid State Disk 0:1:0,10231
Solid State Disk 0:1:1,10232
Solid State Disk 0:1:2,10233
SSD 0,10228
SSD 1,10229
Uptime,10210
Dell System Health 73-14-vc12-c02-tp,10234
PCIe SSD in Slot 3 Disk 1,10235
Solid State Disk 0:1:0,10236
Solid State Disk 0:1:1,10237
Solid State Disk 0:1:2,10238
SNMP System Uptime,10785
System Health: Computer System (CNX236076F),10791
Bay=1_HPE 1.60TB 24G (SAS SSD),10787
Bay=2_HPE 1.60TB 24G (SAS SSD),10788
Bay=3_HPE 1.60TB 24G (SAS SSD),10790
Bay=7_HPE 1.60TB 24G (SAS SSD),10789
Bay=1/2_RAID1=447 GB,10786
SNMP System Uptime,10797
System Health: Computer System (CNX236076J),10799
Bay=1_HPE 1.60TB 24G (SAS SSD),10793
Bay=2_HPE 1.60TB 24G (SAS SSD),10794
Bay=3_HPE 1.60TB 24G (SAS SSD),10796
Bay=7_HPE 1.60TB 24G (SAS SSD),10795
Bay=1/2_RAID1=447 GB,10792
System Uptime,10811
HPE System Health (CNX236076K),10812
Bay=1/2_RAID1=447 GB,10800
Bay=1_HPE 1.60TB 24G (SAS SSD),10801
Bay=2_HPE 1.60TB 24G (SAS SSD),10802
Bay=7_HPE 1.60TB 24G (SAS SSD),10803
Bay=3_HPE 1.60TB 24G (SAS SSD),10804
Virtual Disk: MR Volume 239,11017
System Uptime,10813
HPE System Health (CNX2380BVH),10814
Bay=1/2_RAID1=447 GB,10805
Bay=1_HPE 1.60TB 24G (SAS SSD),10807
Bay=2_HPE 1.60TB 24G (SAS SSD),10808
Bay=7_HPE 1.60TB 24G (SAS SSD),10809
Bay=3_HPE 1.60TB 24G (SAS SSD),10810
RAID5_SSD-73-18,10806
SNTP-101.203,10095
SNTP-101.204,10096
Probe Health,5732
System Health,5731
WMI UTC Time,7879
Uptime,6316
Dell System Health 51-13-c01-STT-GC,6335
NonRAID Physical Disk 0:1:0,6340
NonRAID Physical Disk 0:1:1,6339
NonRAID Physical Disk 0:1:2,6343
NonRAID Physical Disk 0:1:3,6342
NonRAID Physical Disk 0:1:4,6341
NonRAID Physical Disk 0:1:5,6338
NonRAID Physical Disk 0:1:6,6337
NonRAID Physical Disk 0:1:7,6336
SSD 0,6344
SSD 1,6345
Uptime,6325
Dell System Health 51-12-c01-STT-GC,6346
NonRAID Physical Disk 0:1:0,6348
NonRAID Physical Disk 0:1:1,6354
NonRAID Physical Disk 0:1:2,6347
NonRAID Physical Disk 0:1:3,6353
NonRAID Physical Disk 0:1:4,6352
NonRAID Physical Disk 0:1:5,6351
NonRAID Physical Disk 0:1:6,6350
NonRAID Physical Disk 0:1:7,6349
SSD 0,6355
SSD 1,6356
Uptime,6358
Dell System Health 51-13-c01-STT-GC,6376
NonRAID Physical Disk 0:1:0,6393
NonRAID Physical Disk 0:1:1,6386
NonRAID Physical Disk 0:1:2,6391
NonRAID Physical Disk 0:1:3,6392
NonRAID Physical Disk 0:1:4,6390
NonRAID Physical Disk 0:1:5,6389
NonRAID Physical Disk 0:1:6,6388
NonRAID Physical Disk 0:1:7,6387
SSD 0,6394
SSD 1,6395
Uptime,8719
System Health: ComputerSystem (J900NXFP),8917
Pyshical Disk Status | Drive 0,8907
Pyshical Disk Status | Drive 1,8908
Pyshical Disk Status | Drive 2,8909
Pyshical Disk Status | Drive 3,8910
Pyshical Disk Status | Drive 4,8911
Pyshical Disk Status | Drive 5,8914
Pyshical Disk Status | Drive 6,8915
Pyshical Disk Status | Drive 7,8916
Pyshical Disk Status | M2 Drive 0,8912
Pyshical Disk Status | M2 Drive 1,8913
Power Supply: PSU1 (D1DG33S00KM),9437
Power Supply: PSU2 (D1DG33S00L0),9438
Uptime,8750
CPU Load,8774
Pyshical Disk Status | Drive 0,8897
Pyshical Disk Status | Drive 1,8898
Pyshical Disk Status | Drive 2,8899
Pyshical Disk Status | Drive 3,8900
Pyshical Disk Status | Drive 4,8901
Pyshical Disk Status | Drive 5,8904
Pyshical Disk Status | Drive 6,8905
Pyshical Disk Status | Drive 7,8906
Pyshical Disk Status | M2 Drive 0,8902
Pyshical Disk Status | M2 Drive 1,8903
Power Supply: PSU1 (D1DG33S00R4),9439
Power Supply: PSU2 (D1DG33S00R3),9440
Uptime,8830
System Health: ComputerSystem (J900NXFN),9443
Pyshical Disk Status | Drive 0,8887
Pyshical Disk Status | Drive 1,8888
Pyshical Disk Status | Drive 2,8889
Pyshical Disk Status | Drive 3,8890
Pyshical Disk Status | Drive 4,8891
Pyshical Disk Status | Drive 5,8894
Pyshical Disk Status | Drive 6,8895
Pyshical Disk Status | Drive 7,8896
Pyshical Disk Status | M2 Drive 0,8892
Pyshical Disk Status | M2 Drive 1,8893
Power Supply: PSU1 (D1DG33S00P9),9441
Power Supply: PSU2 (D1DG33S00PK),9442
System Uptime,8828
Pyshical Disk Status  | Drive 0,8922
Pyshical Disk Status  | Drive 1,8923
Pyshical Disk Status  | Drive 2,8924
Pyshical Disk Status  | Drive 3,8925
Pyshical Disk Status  | Drive 4,8926
Pyshical Disk Status  | M2 Drive 0,8927
Pyshical Disk Status  | M2 Drive 1,8928
Pyshical Disk Status  | Drive 5,8929
Pyshical Disk Status  | Drive 6,8930
Pyshical Disk Status  | Drive 7,8931
System Health: ComputerSystem (J900NXFT),9444
Power Supply: PSU1 (D1DG33S00PD),9445
Power Supply: PSU2 (D1DG33S00RE),9446
SNTP-100.203,10089
SNTP-100.204,10091
Probe Health,5366
System Health,5365
WMI UTC Time,5369
Uptime,7109
CPU Load,7116
Physical Memory,7118
Virtual Memory,7117
Disk Free: (C Drive),7114
Disk Free: (D Drive),7115
LAN Traffic (10.100.103.21),7110
Uptime,7063
CPU Load,7078
Physical Memory,7090
Virtual Memory,7089
Disk Free: (C Drive),7076
Disk Free: (D Drive),7077
LAN Traffic (10.100.103.61),7066
(007) Embedded FlexibleLOM 1 Port 1-11.56A_Port34 Traffic,7065
(020) Embedded FlexibleLOM 1 Port 2-11.56B_Port34 Traffic,7067
Uptime,11047
CPU Load,11048
Memory info,11129
Disk Free: /,11043
(001) lo Traffic,11133
ens1f0 Traffic,11126
ens2f0 Traffic,11127
bond0 (10.100.103.62) Traffic,11046
Ping v2,10921
Uptime,7075
CPU Load,7093
Physical Memory,7095
Virtual Memory,7094
Disk Free: (C Drive),7091
Disk Free: (D Drive),7092
LAN Traffic (10.111.103.61),7080
(006) Embedded FlexibleLOM 1 Port 2_11.200A_Port48 Traffic,7079
(020) Embedded FlexibleLOM 1 Port 1_11.200B_Port48 Traffic,7081
Uptime,11055
CPU Load,11058
Physical memory,11056
Virtual memory,11057
Disk Free: /,11052
Disk Free: /home/VeeamBackup,11093
(001) lo Traffic,11130
(004) eno1 Traffic,11131
(006) ens1 Traffic,11132
bond0 (10.111.103.62) Traffic,11059
Uptime,11061
CPU Load,11076
Physical memory,11077
Virtual memory,11078
Disk Free: /,11069
Disk Free: /home/VeeamBackup,11073
(009) bond0 Traffic,11065
SNMP HPE ProLiant System Health,11236
Physical Disk: Port=1I:Box=1:Bay=1 ZR5BXJ6A0000C25049TH,11233
Physical Disk: Port=1I:Box=1:Bay=2 ZR5BXHJR0000C2503YYC,11230
Physical Disk: Port=1I:Box=1:Bay=3 ZR5BXHD20000C2503Y86,11229
Physical Disk: Port=1I:Box=1:Bay=4 ZR5BXJBC0000C2504AEM,11234
Physical Disk: Port=1I:Box=6:Bay=1 PHYG2163023A480BGN,11223
Physical Disk: Port=1I:Box=6:Bay=2 PHYG2161027P480BGN,11222
Physical Disk: Port=2I:Box=2:Bay=1 ZR5BWZCD0000C2494EQ0,11227
Physical Disk: Port=2I:Box=2:Bay=2 ZR5BZ8VN0000C2496LH8,11235
Physical Disk: Port=2I:Box=2:Bay=3 ZR5BXHPQ0000C2502R54,11232
Physical Disk: Port=2I:Box=2:Bay=4 ZR5BQ2W30000C2466B6C,11225
Physical Disk: Port=3I:Box=3:Bay=1 ZR5BQ2SJ0000C246692L,11224
Physical Disk: Port=3I:Box=3:Bay=2 ZR5BXHLE0000C25048EV,11231
Physical Disk: Port=3I:Box=3:Bay=3 ZR5BTDJ50000C247278R,11226
Physical Disk: Port=3I:Box=3:Bay=4 ZR5BXD2J0000C250485B,11228
Dell System Health wss130,11256
Physical Disk 0:1:0,11246
Physical Disk 0:1:1,11250
Physical Disk 0:1:10,11240
Physical Disk 0:1:11,11242
Physical Disk 0:1:12,11244
Physical Disk 0:1:13,11245
Physical Disk 0:1:14,11237
Physical Disk 0:1:15,11248
Physical Disk 0:1:16,11249
Physical Disk 0:1:17,11238
Physical Disk 0:1:2,11247
Physical Disk 0:1:3,11254
Physical Disk 0:1:4,11252
Physical Disk 0:1:5,11251
Physical Disk 0:1:6,11243
Physical Disk 0:1:7,11239
Physical Disk 0:1:8,11253
Physical Disk 0:1:9,11241
SNMP System Uptime,11255
SNMP System Uptime,11193
Physical Disk 0:1:0,11186
Dell System Health WIN-PPPDRJ5CVSD,11194
Physical Disk 0:1:1,11181
Physical Disk 0:1:10,11183
Physical Disk 0:1:11,11187
Physical Disk 0:1:12,11188
Physical Disk 0:1:13,11189
Physical Disk 0:1:2,11190
Physical Disk 0:1:3,11191
Physical Disk 0:1:4,11182
Physical Disk 0:1:5,11180
Physical Disk 0:1:6,11179
Physical Disk 0:1:7,11184
Physical Disk 0:1:8,11192
Physical Disk 0:1:9,11185
SNMP HPE ProLiant System Health,11197
Physical Disk: Port=1I:Box=1:Bay=1 ZR5BZ8JZ0000C2502QZ3,11211
Physical Disk: Port=1I:Box=1:Bay=2 ZR5BQ3BA0000C24619GG,11204
Physical Disk: Port=1I:Box=1:Bay=3 ZR5BQ41A0000C24669J1,11206
Physical Disk: Port=1I:Box=1:Bay=4 ZR5BPE430000C24667QA,11203
Physical Disk: Port=1I:Box=6:Bay=1 PHYG216301Z4480BGN,11198
Physical Disk: Port=1I:Box=6:Bay=2 PHYG216400CA480BGN,11199
Physical Disk: Port=2I:Box=2:Bay=1 ZR5BKW2Z0000C2491FU7,11201
Physical Disk: Port=2I:Box=2:Bay=2 ZR5BXHHE0000C2503YL9,11209
Physical Disk: Port=2I:Box=2:Bay=3 ZR59KF5W0000C2344W6F,11200
Physical Disk: Port=2I:Box=2:Bay=4 ZR5BQ3ZV0000C24669JP,11205
Physical Disk: Port=3I:Box=3:Bay=1 ZR5BNR1K0000C245DGLG,11202
Physical Disk: Port=3I:Box=3:Bay=2 ZR5BWZD00000C2494EQ6,11207
Physical Disk: Port=3I:Box=3:Bay=3 ZR5BXJ6E0000C2504AF6,11210
Physical Disk: Port=3I:Box=3:Bay=4 ZR5BXHEW0000C250211F,11208
SNMP System Uptime,11219
Dell System Health WIN-8H28FI0E6JR,11218
Physical Disk 0:1:10,11216
Physical Disk 0:1:11,11212
Physical Disk 0:1:12,11215
Physical Disk 0:1:13,11214
Physical Disk 0:1:8,11217
Physical Disk 0:1:9,11213
Uptime,6634
CPU Load,6758
Memory info,6649
Disk Free: / Root,6638
Loopback Traffic (127.0.0.1),6635
LAN Traffic (10.100.103.51),6636
Uptime,6682
CPU Load,7050
Memory info,6696
Disk Free: / Root,6686
Loopback Traffic (127.0.0.1),6683
LAN Traffic (10.100.103.52),6684
Uptime,6855
CPU Load,6863
Memory info,6869
Disk Free: / Root,6859
Loopback Traffic (127.0.0.1),6856
LAN Traffic (10.100.103.53),6857
Uptime,7885
CPU Load,7899
Physical Memory,7903
Virtual Memory,7902
Disk Free: (C Drive),7968
Disk Free: (D Drive),7969
LAN Traffic (10.111.103.86),7890
Uptime,6899
CPU Load,7046
Memory info,6917
Disk Free: / Root,6903
Loopback Traffic (127.0.0.1),6900
LAN Traffic (10.100.103.82),6901
Uptime,6886
CPU Load,6894
Memory info,6913
Disk Free: / Root,6890
Loopback Traffic (127.0.0.1),6887
LAN Traffic (10.100.103.81),6888
Uptime,6949
CPU Load,6959
Memory info,6966
Disk Free: / Root,6953
Loopback Traffic (12.0.0.1),6950
LAN Traffic (10.100.103.71),6951
Uptime,6984
CPU Load,6997
Memory info,7013
Disk Free: / Root,6992
Loopback Traffic (127.0.0.1),6985
LAN Traffic (10.100.103.72),6986
Uptime,6988
CPU Load,7047
Memory info,7015
Disk Free: / Root,6999
Active Processes,7017
Loopback Traffic (127.0.0.1),6989
LAN Traffic (10.100.103.73),6990
Uptime,7920
CPU Load,7927
Physical Memory,7929
Virtual Memory,7928
Disk Free: (C Drive),7925
Disk Free: D:\ Label:New Volume  Serial Number 2ee4d19b,7967
(004) Ethernet0 Traffic,7921
Uptime,9280
CPU Load,9291
Memory info,9297
Disk Free: / (Root Drive),9284
LAN Traffic (10.112.71.91),9282
Loopback Traffic (127.0.0.1),9281
Uptime,9301
CPU Load,9304
Memory info,9318
Disk Free: / (Root Drive),9305
Loopback Traffic (127.0.0.1),9302
LAN Traffic (10.112.71.92),9303
Uptime,9380
CPU Load,9387
Memory: Virtual Memory,9388
Memory: Physical Memory,9389
Disk Free: C:\ Label:  Serial Number d4076fce,9385
Disk Free: D:\ Label:New Volume  Serial Number e8af918b,9386
(004) Ethernet0 2 Traffic,9381
Probe Health,9395
System Health,9394
WMI UTC Time,9450
Uptime,7817
Dell System Health 31-11-c01-caas01.comtelindia.com,9884
NonRAID Physical Disk 0:1:0,7830
NonRAID Physical Disk 0:1:1,7829
NonRAID Physical Disk 0:1:2,7828
SSD 0,7831
SSD 1,7832
Uptime,7856
Dell System Health 31-12-c01-caas01.comtelindia.com,9885
NonRAID Physical Disk 0:1:0,7875
NonRAID Physical Disk 0:1:1,7874
NonRAID Physical Disk 0:1:2,7873
SSD 0,7876
SSD 1,7877
Uptime,7847
Dell System Health 31-13-c01-caas01,9886
NonRAID Physical Disk 0:1:0,7869
NonRAID Physical Disk 0:1:1,7868
NonRAID Physical Disk 0:1:2,7867
SSD 0,7870
SSD 1,7871
Uptime,9421
Syslog Receiver,9424
POINT_TO_POINT_TIKONA_11.11_PORT13 Traffic,9425
UPLINK_TO_SW_192.168.101.239_PORT24 Traffic,9426
SERVER_5_PAISA_20DEPTH_10.11.2.11_PORT2 Traffic,9605
POINT_TO_POINT_TIKONA_11.11_PORT13 Traffic,9960
UPLINK_TO_SW_192.168.101.239_PORT24 Traffic,9962
UPLINK_TO_245FW_SFT203_VLAN Traffic,9963
UPLINK_TO_101.251_L3_SW_Gi1/0/21 Traffic,9964
UPLINK_TO_10.112.11.207_PORT48 Traffic,9965
UPLINK_FORTIGATE_10.112.11.245_PORT4 Traffic,9961
Uptime,9422
Syslog Receiver,9423
(10123) AIRTEL_P2P Traffic,9427
(10124) UPLINK_TO_SW_192.168.101.240_PORT24_PO Traffic,9428
(001) AIRTEL_P2P Traffic,9966
(002) UPLINK_TO_SW_192.168.101.240_PORT24_PO Traffic,9968
(007) UPLINK_TO_246FW_SFT203_VLAN Traffic,9969
(008) UPLINK_TO_101.252_L3_SW_Gi1/0/21 Traffic,9970
(009) UPLINK_TO_10.112.11.208_PORT48 Traffic,9971
(010) UPLINK_FORTIGATE_10.112.11.246_PORT4 Traffic,9967
Uptime,9503
Syslog Receiver,9522
(001) POINT_TO_POINT_TIKONA_4.5_ Traffic,10011
(002) UPLINK_TO_10.244_gi0/24 Traffic,10012
(003) UPLINK_TO_10.249_Gi1/0/45 Traffic,10013
(005) UPLINK_TO_10.253_Gi1/0/47 Traffic,10015
(009) UPLINK_AT7_172.16.99.211_Eth1/28 Traffic,10016
Uptime,9504
Syslog Receiver,9523
(001) AIRTEL_P2P Traffic,10017
(002) UPLINK_TO_10.243_Gi0/24 Traffic,10018
(004) UPLINK_TO_10.250_Gi1/0/46 Traffic,10020
(005) UPLINK_TO_10.253_Gi1/0/48 Traffic,10021
(009) UPLINK_AT7_172.16.99.212_Eth1/28 Traffic,10022
Uptime,9986
(10144) UPLINK_TO_AT7_10.248_Gi1/0/43 Traffic,10002
(10145) UPLINK_TO_RTR_10.243_Gi0/1/0 Traffic,10003
(10147) UPLINK_TO_SW_10.249_Gi1/0/47 Traffic,10005
(10148) UPLINK_TO_SW_10.249_Gi1/0/48 Traffic,10006
Syslog Receiver,10076
Uptime,9507
Syslog Receiver,9597
(10144) UPLINK_TO_AT7_10.248_Gi1/0/44 Traffic,10023
(10146) UPLINK_TO_RTR_10.244_Gi0/1/1 Traffic,10025
(10147) UPLINK_TO_SW_10.250_Gi1/0/47 Traffic,10026
(10148) UPLINK_TO_SW_10.250_Gi1/0/48 Traffic,10027
Uptime,9506
Syslog Receiver,9555
NSE_BGP_SEC_INP Traffic,10052
(436355072) NSE_BGP_PRI_INP Traffic,10053
(436391936) Ethernet1/46 Traffic,10054
UPLINK_RACK_AT7_10.11_eth1/29 Traffic,10055
(436400128) UPLINK_RACK_AT7_10.12_eth1/29 Traffic,10056
(436379648) Ethernet1/43 Traffic,10634
(436383744) Ethernet1/44 Traffic,10635
Ping,10010
(83886080) mgmt0 Traffic,10080
Syslog Receiver,10364
(436355072) NSE_BGP_SEC_INP Traffic,10630
(436379648) Ethernet1/43 Traffic,10631
(436383744) Ethernet1/44 Traffic,10632
(436400128) UPLINK_RACK_AT7_10.11_eth1/29 Traffic,10633
Uptime,9505
Syslog Receiver,9600
(10145) 10G_SW_10.251_MGMT Traffic,10071
(10146) 10G_SW_10.252_MGMT Traffic,10072
(10147) UPLINK_TO_RTR_10.243_Gi0/1/2 Traffic,10073
(10148) UPLINK_TO_RTR_10.244_Gi0/1/2 Traffic,10074
(010) Vlan10 Traffic,10447
(10124) UPLINK_TO_NEXUS_172.16.99.211_port Eth1/30 Traffic,10460
(1453) Vlan1453 Traffic,10461
Uptime,10462
Syslog Receiver,10463
Syslog Receiver,9580
Syslog Receiver,9585
Uptime,9584
UPLINK_TO_10.243_Gi0/21 Traffic,9581
(436322304) UPLINK_AB18_10.252_eth1/47 Traffic,9582
(436326400) UPLINK_AT7_10.248_Gi1/0/47 Traffic,9583
Uptime,10075
(436318208) UPLINK_TO_10.244_Gi0/21 Traffic,9586
(436322304) UPLINK_AB18_10.252_eth1/48 Traffic,9587
Syslog Receiver,9589
