Sensor ID,Device Name
7940,Unknown Device
9984,Unknown Device
7943,Unknown Device
9930,Unknown Device
9931,Unknown Device
10079,Unknown Device
10917,Unknown Device
10918,Unknown Device
10919,Unknown Device
11015,Unknown Device
11014,Unknown Device
10108,Unknown Device
10109,Unknown Device
10110,Unknown Device
10947,Unknown Device
10119,Unknown Device
10125,Unknown Device
10120,Unknown Device
10121,Unknown Device
10122,Unknown Device
10948,Unknown Device
10131,Unknown Device
10132,Unknown Device
10134,Unknown Device
10940,Unknown Device
10949,Unknown Device
10142,Unknown Device
10143,Unknown Device
10144,Unknown Device
10952,Unknown Device
10955,Unknown Device
7937,Unknown Device
7938,Unknown Device
10443,Unknown Device
10465,Unknown Device
10945,Unknown Device
10946,Unknown Device
9925,Unknown Device
9926,Unknown Device
10442,Unknown Device
10464,Unknown Device
10943,Unknown Device
10944,Unknown Device
4688,Unknown Device
4689,Unknown Device
4684,Unknown Device
4685,Unknown Device
3056,Unknown Device
3057,Unknown Device
8192,Unknown Device
3060,Unknown Device
3061,Unknown Device
3058,Unknown Device
3059,Unknown Device
8193,Unknown Device
3529,Unknown Device
7975,Unknown Device
7976,Unknown Device
3540,Unknown Device
3554,Unknown Device
3555,Unknown Device
3556,Unknown Device
3557,Unknown Device
3558,Unknown Device
3560,Unknown Device
3561,Unknown Device
3562,Unknown Device
3563,Unknown Device
3564,Unknown Device
2595,Unknown Device
5374,Unknown Device
5375,Unknown Device
5376,Unknown Device
5377,Unknown Device
3898,Unknown Device
3905,Unknown Device
3906,Unknown Device
3907,Unknown Device
3908,Unknown Device
3899,Unknown Device
5370,Unknown Device
5371,Unknown Device
5372,Unknown Device
5373,Unknown Device
2601,Unknown Device
2602,Unknown Device
2603,Unknown Device
2604,Unknown Device
2605,Unknown Device
2606,Unknown Device
2607,Unknown Device
2608,Unknown Device
2609,Unknown Device
2610,Unknown Device
10354,Unknown Device
10352,Unknown Device
10353,Unknown Device
10355,Unknown Device
10362,Unknown Device
10363,Unknown Device
10862,Unknown Device
10865,Unknown Device
10866,Unknown Device
10996,Unknown Device
10160,Unknown Device
10161,Unknown Device
10162,Unknown Device
10163,Unknown Device
9813,Unknown Device
9812,Unknown Device
9814,Unknown Device
9815,Unknown Device
10164,Unknown Device
10158,Unknown Device
10159,Unknown Device
9810,Unknown Device
9811,Unknown Device
10868,Unknown Device
10870,Unknown Device
10871,Unknown Device
10869,Unknown Device
10167,Unknown Device
10168,Unknown Device
10169,Unknown Device
10170,Unknown Device
9822,Unknown Device
9823,Unknown Device
9824,Unknown Device
9825,Unknown Device
10171,Unknown Device
10165,Unknown Device
10166,Unknown Device
9826,Unknown Device
9827,Unknown Device
2761,Unknown Device
2762,Unknown Device
7687,Unknown Device
7688,Unknown Device
10956,Unknown Device
10957,Unknown Device
2751,Unknown Device
2752,Unknown Device
2754,Unknown Device
7684,Unknown Device
7685,Unknown Device
9607,Unknown Device
9608,Unknown Device
10908,Unknown Device
2768,Unknown Device
2770,Unknown Device
2771,Unknown Device
2772,Unknown Device
2769,Unknown Device
2718,Unknown Device
2719,Unknown Device
2720,Unknown Device
2721,Unknown Device
2722,Unknown Device
2723,Unknown Device
2724,Unknown Device
11030,Unknown Device
2729,Unknown Device
2730,Unknown Device
2731,Unknown Device
2732,Unknown Device
2733,Unknown Device
2734,Unknown Device
2735,Unknown Device
11031,Unknown Device
9772,Unknown Device
9775,Unknown Device
9773,Unknown Device
9774,Unknown Device
9776,Unknown Device
9778,Unknown Device
9779,Unknown Device
9780,Unknown Device
9781,Unknown Device
9782,Unknown Device
9783,Unknown Device
9784,Unknown Device
9785,Unknown Device
9786,Unknown Device
9787,Unknown Device
9788,Unknown Device
9789,Unknown Device
9795,Unknown Device
9796,Unknown Device
9797,Unknown Device
9798,Unknown Device
9799,Unknown Device
9800,Unknown Device
9801,Unknown Device
9802,Unknown Device
9803,Unknown Device
9804,Unknown Device
10927,Unknown Device
10386,Unknown Device
10387,Unknown Device
10388,Unknown Device
10389,Unknown Device
9749,Unknown Device
9750,Unknown Device
9753,Unknown Device
5067,Unknown Device
5072,Unknown Device
5073,Unknown Device
5074,Unknown Device
5075,Unknown Device
5076,Unknown Device
5077,Unknown Device
5078,Unknown Device
5079,Unknown Device
5080,Unknown Device
5081,Unknown Device
5083,Unknown Device
5084,Unknown Device
5087,Unknown Device
3470,Unknown Device
3445,Unknown Device
9880,Unknown Device
9881,Unknown Device
10609,Unknown Device
10610,Unknown Device
10611,Unknown Device
10612,Unknown Device
10613,Unknown Device
10618,Unknown Device
10619,Unknown Device
10621,Unknown Device
10626,Unknown Device
10257,Unknown Device
10252,Unknown Device
10253,Unknown Device
10254,Unknown Device
10256,Unknown Device
10693,Unknown Device
10880,Unknown Device
10881,Unknown Device
10929,Unknown Device
10336,Unknown Device
10335,Unknown Device
10375,Unknown Device
10376,Unknown Device
10372,Unknown Device
10686,Unknown Device
10687,Unknown Device
10878,Unknown Device
10879,Unknown Device
3606,Unknown Device
7945,Unknown Device
7947,Unknown Device
7946,Unknown Device
5330,Unknown Device
8029,Unknown Device
5535,Unknown Device
5536,Unknown Device
10962,Unknown Device
10963,Unknown Device
10999,Unknown Device
11020,Unknown Device
11021,Unknown Device
4241,Unknown Device
4242,Unknown Device
11000,Unknown Device
11018,Unknown Device
11019,Unknown Device
10749,Unknown Device
10775,Unknown Device
10968,Unknown Device
10990,Unknown Device
10991,Unknown Device
10992,Unknown Device
10969,Unknown Device
10970,Unknown Device
10977,Unknown Device
10978,Unknown Device
10980,Unknown Device
10981,Unknown Device
10982,Unknown Device
10983,Unknown Device
10984,Unknown Device
10985,Unknown Device
10986,Unknown Device
10755,Unknown Device
11001,Unknown Device
11011,Unknown Device
11012,Unknown Device
11013,Unknown Device
11002,Unknown Device
11003,Unknown Device
11004,Unknown Device
11005,Unknown Device
11006,Unknown Device
11007,Unknown Device
11008,Unknown Device
11009,Unknown Device
11010,Unknown Device
7960,Unknown Device
7961,Unknown Device
10770,Unknown Device
10771,Unknown Device
11022,Unknown Device
11023,Unknown Device
11024,Unknown Device
11025,Unknown Device
7962,Unknown Device
7963,Unknown Device
7964,Unknown Device
7965,Unknown Device
7966,Unknown Device
10765,Unknown Device
10766,Unknown Device
10768,Unknown Device
10769,Unknown Device
11026,Unknown Device
11027,Unknown Device
11028,Unknown Device
11029,Unknown Device
6521,Unknown Device
9882,Unknown Device
9883,Unknown Device
9955,Unknown Device
9956,Unknown Device
6531,Unknown Device
6532,Unknown Device
6533,Unknown Device
6534,Unknown Device
6522,Unknown Device
6523,Unknown Device
6524,Unknown Device
6525,Unknown Device
6528,Unknown Device
6529,Unknown Device
6530,Unknown Device
6537,Unknown Device
6538,Unknown Device
6539,Unknown Device
6540,Unknown Device
6541,Unknown Device
6542,Unknown Device
6543,Unknown Device
6546,Unknown Device
6547,Unknown Device
6548,Unknown Device
6549,Unknown Device
6550,Unknown Device
6553,Unknown Device
6555,Unknown Device
6556,Unknown Device
9892,Unknown Device
9895,Unknown Device
6558,Unknown Device
6559,Unknown Device
9893,Unknown Device
9894,Unknown Device
6560,Unknown Device
6561,Unknown Device
6562,Unknown Device
9957,Unknown Device
6565,Unknown Device
6566,Unknown Device
6567,Unknown Device
6568,Unknown Device
6569,Unknown Device
6570,Unknown Device
6571,Unknown Device
6574,Unknown Device
6575,Unknown Device
6576,Unknown Device
9889,Unknown Device
10997,Unknown Device
9909,Unknown Device
9910,Unknown Device
9911,Unknown Device
9906,Unknown Device
9907,Unknown Device
10998,Unknown Device
9913,Unknown Device
9914,Unknown Device
9915,Unknown Device
9887,Unknown Device
9888,Unknown Device
4622,Unknown Device
4624,Unknown Device
4623,Unknown Device
4625,Unknown Device
4626,Unknown Device
4627,Unknown Device
4628,Unknown Device
4630,Unknown Device
4629,Unknown Device
4631,Unknown Device
4632,Unknown Device
4633,Unknown Device
4610,Unknown Device
4611,Unknown Device
4612,Unknown Device
4613,Unknown Device
4614,Unknown Device
4615,Unknown Device
4616,Unknown Device
4617,Unknown Device
4618,Unknown Device
4619,Unknown Device
4620,Unknown Device
4621,Unknown Device
7705,Unknown Device
7707,Unknown Device
7706,Unknown Device
7708,Unknown Device
9619,Unknown Device
9472,Unknown Device
4248,Unknown Device
4249,Unknown Device
4250,Unknown Device
4245,Unknown Device
4246,Unknown Device
4247,Unknown Device
7243,Unknown Device
8593,Unknown Device
4254,Unknown Device
4255,Unknown Device
4256,Unknown Device
4251,Unknown Device
4252,Unknown Device
4253,Unknown Device
7245,Unknown Device
8594,Unknown Device
4474,Unknown Device
4475,Unknown Device
4476,Unknown Device
4477,Unknown Device
4478,Unknown Device
4473,Unknown Device
4480,Unknown Device
4481,Unknown Device
4482,Unknown Device
4483,Unknown Device
4484,Unknown Device
4479,Unknown Device
10705,Unknown Device
10707,Unknown Device
10708,Unknown Device
10709,Unknown Device
10706,Unknown Device
10702,Unknown Device
10701,Unknown Device
7979,Unknown Device
7980,Unknown Device
10657,Unknown Device
7993,Unknown Device
7992,Unknown Device
7994,Unknown Device
8014,Unknown Device
8015,Unknown Device
9475,Unknown Device
9805,Unknown Device
9806,Unknown Device
10710,Unknown Device
9482,Unknown Device
10718,Unknown Device
5336,Unknown Device
5342,Unknown Device
7250,Unknown Device
7251,Unknown Device
7252,Unknown Device
7253,Unknown Device
7254,Unknown Device
7255,Unknown Device
5317,Unknown Device
10958,Unknown Device
7177,Unknown Device
7178,Unknown Device
7180,Unknown Device
7204,Unknown Device
10703,Unknown Device
7231,Unknown Device
7345,Unknown Device
7346,Unknown Device
7347,Unknown Device
7348,Unknown Device
7349,Unknown Device
7350,Unknown Device
7351,Unknown Device
7352,Unknown Device
7353,Unknown Device
7357,Unknown Device
7358,Unknown Device
7359,Unknown Device
7360,Unknown Device
7361,Unknown Device
7362,Unknown Device
7363,Unknown Device
7364,Unknown Device
7365,Unknown Device
7272,Unknown Device
7366,Unknown Device
7367,Unknown Device
7368,Unknown Device
7369,Unknown Device
7370,Unknown Device
7371,Unknown Device
7372,Unknown Device
7373,Unknown Device
10719,Unknown Device
7378,Unknown Device
7379,Unknown Device
7380,Unknown Device
7381,Unknown Device
7288,Unknown Device
7387,Unknown Device
7388,Unknown Device
7389,Unknown Device
7390,Unknown Device
7391,Unknown Device
7392,Unknown Device
7393,Unknown Device
7394,Unknown Device
7398,Unknown Device
7399,Unknown Device
7400,Unknown Device
7401,Unknown Device
7289,Unknown Device
7290,Unknown Device
7291,Unknown Device
7292,Unknown Device
7293,Unknown Device
7294,Unknown Device
7295,Unknown Device
7296,Unknown Device
7297,Unknown Device
7301,Unknown Device
7302,Unknown Device
7303,Unknown Device
7304,Unknown Device
7305,Unknown Device
7306,Unknown Device
5674,Unknown Device
5675,Unknown Device
10662,Unknown Device
10860,Unknown Device
5676,Unknown Device
5678,Unknown Device
5679,Unknown Device
5680,Unknown Device
8461,Unknown Device
8464,Unknown Device
8465,Unknown Device
8466,Unknown Device
8467,Unknown Device
8468,Unknown Device
8469,Unknown Device
8470,Unknown Device
8471,Unknown Device
8472,Unknown Device
8473,Unknown Device
8474,Unknown Device
8475,Unknown Device
8476,Unknown Device
8477,Unknown Device
8478,Unknown Device
8481,Unknown Device
8482,Unknown Device
8483,Unknown Device
8484,Unknown Device
8579,Unknown Device
8580,Unknown Device
8581,Unknown Device
8459,Unknown Device
8428,Unknown Device
8432,Unknown Device
8433,Unknown Device
8434,Unknown Device
8435,Unknown Device
8436,Unknown Device
8437,Unknown Device
8438,Unknown Device
8439,Unknown Device
8440,Unknown Device
8441,Unknown Device
8442,Unknown Device
8443,Unknown Device
8445,Unknown Device
8446,Unknown Device
8447,Unknown Device
8448,Unknown Device
8449,Unknown Device
8450,Unknown Device
8451,Unknown Device
8452,Unknown Device
8453,Unknown Device
8456,Unknown Device
8457,Unknown Device
8458,Unknown Device
8429,Unknown Device
8582,Unknown Device
8583,Unknown Device
8584,Unknown Device
9158,Unknown Device
9138,Unknown Device
9141,Unknown Device
9142,Unknown Device
9143,Unknown Device
9144,Unknown Device
9145,Unknown Device
9146,Unknown Device
9147,Unknown Device
9148,Unknown Device
9149,Unknown Device
9150,Unknown Device
9151,Unknown Device
9152,Unknown Device
9153,Unknown Device
9154,Unknown Device
9155,Unknown Device
9156,Unknown Device
9157,Unknown Device
9159,Unknown Device
9160,Unknown Device
9161,Unknown Device
9162,Unknown Device
9163,Unknown Device
9164,Unknown Device
9165,Unknown Device
9166,Unknown Device
9167,Unknown Device
9168,Unknown Device
9169,Unknown Device
9170,Unknown Device
9171,Unknown Device
9172,Unknown Device
9173,Unknown Device
9174,Unknown Device
9175,Unknown Device
9176,Unknown Device
9177,Unknown Device
9178,Unknown Device
9179,Unknown Device
9180,Unknown Device
9181,Unknown Device
9182,Unknown Device
9117,Unknown Device
9118,Unknown Device
9119,Unknown Device
9120,Unknown Device
9121,Unknown Device
9122,Unknown Device
9123,Unknown Device
9124,Unknown Device
9125,Unknown Device
9126,Unknown Device
9127,Unknown Device
9128,Unknown Device
9129,Unknown Device
9130,Unknown Device
9131,Unknown Device
9132,Unknown Device
9133,Unknown Device
9134,Unknown Device
9135,Unknown Device
9136,Unknown Device
9137,Unknown Device
9139,Unknown Device
9140,Unknown Device
9233,Unknown Device
9235,Unknown Device
9202,Unknown Device
9210,Unknown Device
9212,Unknown Device
9213,Unknown Device
9214,Unknown Device
9215,Unknown Device
9216,Unknown Device
9217,Unknown Device
9218,Unknown Device
9222,Unknown Device
9223,Unknown Device
9224,Unknown Device
9225,Unknown Device
9226,Unknown Device
9227,Unknown Device
9228,Unknown Device
9229,Unknown Device
9230,Unknown Device
9236,Unknown Device
9237,Unknown Device
9238,Unknown Device
9239,Unknown Device
9240,Unknown Device
9241,Unknown Device
9242,Unknown Device
9243,Unknown Device
9244,Unknown Device
9245,Unknown Device
9246,Unknown Device
9247,Unknown Device
9248,Unknown Device
9249,Unknown Device
9250,Unknown Device
9251,Unknown Device
9252,Unknown Device
9253,Unknown Device
9257,Unknown Device
9258,Unknown Device
9259,Unknown Device
9260,Unknown Device
9261,Unknown Device
9262,Unknown Device
9263,Unknown Device
9264,Unknown Device
9265,Unknown Device
9183,Unknown Device
9184,Unknown Device
9185,Unknown Device
9186,Unknown Device
9187,Unknown Device
9188,Unknown Device
9189,Unknown Device
9190,Unknown Device
9191,Unknown Device
9192,Unknown Device
9193,Unknown Device
9194,Unknown Device
9196,Unknown Device
9197,Unknown Device
9198,Unknown Device
9204,Unknown Device
9205,Unknown Device
9206,Unknown Device
9207,Unknown Device
9208,Unknown Device
9209,Unknown Device
10513,Unknown Device
10514,Unknown Device
10515,Unknown Device
10516,Unknown Device
10517,Unknown Device
10518,Unknown Device
10519,Unknown Device
10520,Unknown Device
10521,Unknown Device
10522,Unknown Device
10523,Unknown Device
10524,Unknown Device
10526,Unknown Device
10527,Unknown Device
10529,Unknown Device
10530,Unknown Device
10531,Unknown Device
10532,Unknown Device
10533,Unknown Device
10534,Unknown Device
10535,Unknown Device
10536,Unknown Device
10537,Unknown Device
10538,Unknown Device
10540,Unknown Device
10541,Unknown Device
10542,Unknown Device
10543,Unknown Device
10544,Unknown Device
10545,Unknown Device
10546,Unknown Device
10547,Unknown Device
10603,Unknown Device
10607,Unknown Device
10549,Unknown Device
10550,Unknown Device
10551,Unknown Device
10552,Unknown Device
10604,Unknown Device
10637,Unknown Device
10638,Unknown Device
10639,Unknown Device
10640,Unknown Device
10641,Unknown Device
10642,Unknown Device
10643,Unknown Device
10853,Unknown Device
10855,Unknown Device
7327,Unknown Device
7328,Unknown Device
7329,Unknown Device
7330,Unknown Device
7331,Unknown Device
7332,Unknown Device
7333,Unknown Device
7334,Unknown Device
10381,Unknown Device
10382,Unknown Device
10383,Unknown Device
10384,Unknown Device
7402,Unknown Device
7403,Unknown Device
7404,Unknown Device
7405,Unknown Device
7406,Unknown Device
7407,Unknown Device
7408,Unknown Device
7383,Unknown Device
7384,Unknown Device
7385,Unknown Device
7386,Unknown Device
7414,Unknown Device
7415,Unknown Device
7416,Unknown Device
7417,Unknown Device
7423,Unknown Device
7424,Unknown Device
7425,Unknown Device
7426,Unknown Device
7428,Unknown Device
7429,Unknown Device
7430,Unknown Device
7431,Unknown Device
7432,Unknown Device
8921,Unknown Device
10563,Unknown Device
10564,Unknown Device
10565,Unknown Device
10566,Unknown Device
10567,Unknown Device
10568,Unknown Device
10569,Unknown Device
10570,Unknown Device
10571,Unknown Device
7520,Unknown Device
7521,Unknown Device
7522,Unknown Device
7523,Unknown Device
7524,Unknown Device
7525,Unknown Device
7526,Unknown Device
7527,Unknown Device
7528,Unknown Device
7529,Unknown Device
7530,Unknown Device
7531,Unknown Device
7532,Unknown Device
7533,Unknown Device
7534,Unknown Device
7535,Unknown Device
7536,Unknown Device
7537,Unknown Device
7502,Unknown Device
7503,Unknown Device
7504,Unknown Device
7505,Unknown Device
7506,Unknown Device
7507,Unknown Device
7508,Unknown Device
7509,Unknown Device
7510,Unknown Device
7511,Unknown Device
7512,Unknown Device
7513,Unknown Device
7514,Unknown Device
7515,Unknown Device
7516,Unknown Device
7517,Unknown Device
7518,Unknown Device
7519,Unknown Device
7562,Unknown Device
7563,Unknown Device
7564,Unknown Device
7565,Unknown Device
7566,Unknown Device
7567,Unknown Device
7568,Unknown Device
7569,Unknown Device
7570,Unknown Device
7574,Unknown Device
7575,Unknown Device
7576,Unknown Device
7577,Unknown Device
7578,Unknown Device
7579,Unknown Device
7580,Unknown Device
7581,Unknown Device
7582,Unknown Device
7588,Unknown Device
7589,Unknown Device
7590,Unknown Device
7591,Unknown Device
7592,Unknown Device
7593,Unknown Device
7594,Unknown Device
7595,Unknown Device
7596,Unknown Device
7600,Unknown Device
7601,Unknown Device
7602,Unknown Device
7603,Unknown Device
7604,Unknown Device
7605,Unknown Device
7606,Unknown Device
7607,Unknown Device
7608,Unknown Device
4518,Unknown Device
4526,Unknown Device
4530,Unknown Device
4531,Unknown Device
4532,Unknown Device
4524,Unknown Device
4527,Unknown Device
10378,Unknown Device
10379,Unknown Device
10735,Unknown Device
4533,Unknown Device
4540,Unknown Device
4544,Unknown Device
4545,Unknown Device
4546,Unknown Device
4541,Unknown Device
4552,Unknown Device
4553,Unknown Device
4554,Unknown Device
4555,Unknown Device
4556,Unknown Device
4557,Unknown Device
4558,Unknown Device
4547,Unknown Device
4548,Unknown Device
4549,Unknown Device
4564,Unknown Device
4565,Unknown Device
4566,Unknown Device
4567,Unknown Device
4568,Unknown Device
4569,Unknown Device
4570,Unknown Device
4571,Unknown Device
4559,Unknown Device
4560,Unknown Device
4561,Unknown Device
4579,Unknown Device
4589,Unknown Device
4590,Unknown Device
4578,Unknown Device
4580,Unknown Device
4581,Unknown Device
4583,Unknown Device
4585,Unknown Device
4586,Unknown Device
4587,Unknown Device
4598,Unknown Device
4608,Unknown Device
4609,Unknown Device
4597,Unknown Device
4599,Unknown Device
4600,Unknown Device
4602,Unknown Device
4604,Unknown Device
4605,Unknown Device
4606,Unknown Device
4700,Unknown Device
4703,Unknown Device
4704,Unknown Device
4705,Unknown Device
4706,Unknown Device
4701,Unknown Device
4702,Unknown Device
4634,Unknown Device
4637,Unknown Device
4638,Unknown Device
4639,Unknown Device
4635,Unknown Device
4636,Unknown Device
4654,Unknown Device
4655,Unknown Device
4656,Unknown Device
4657,Unknown Device
4658,Unknown Device
4659,Unknown Device
4661,Unknown Device
4651,Unknown Device
4652,Unknown Device
4653,Unknown Device
4643,Unknown Device
4644,Unknown Device
4645,Unknown Device
4646,Unknown Device
4647,Unknown Device
4648,Unknown Device
4650,Unknown Device
4640,Unknown Device
4641,Unknown Device
4642,Unknown Device
8525,Unknown Device
8526,Unknown Device
8527,Unknown Device
8528,Unknown Device
8529,Unknown Device
8530,Unknown Device
10888,Unknown Device
10889,Unknown Device
10890,Unknown Device
10891,Unknown Device
10892,Unknown Device
10893,Unknown Device
10341,Unknown Device
10369,Unknown Device
10370,Unknown Device
10371,Unknown Device
10366,Unknown Device
10367,Unknown Device
10368,Unknown Device
10874,Unknown Device
10875,Unknown Device
10247,Unknown Device
10248,Unknown Device
10241,Unknown Device
10242,Unknown Device
10243,Unknown Device
10244,Unknown Device
10246,Unknown Device
10691,Unknown Device
10692,Unknown Device
10876,Unknown Device
10877,Unknown Device
10928,Unknown Device
10590,Unknown Device
10591,Unknown Device
7110,Unknown Device
7066,Unknown Device
7065,Unknown Device
7067,Unknown Device
7080,Unknown Device
7079,Unknown Device
7081,Unknown Device
6635,Unknown Device
6636,Unknown Device
6683,Unknown Device
6684,Unknown Device
6856,Unknown Device
6857,Unknown Device
7890,Unknown Device
6900,Unknown Device
6901,Unknown Device
6887,Unknown Device
6888,Unknown Device
6950,Unknown Device
6951,Unknown Device
6985,Unknown Device
6986,Unknown Device
6989,Unknown Device
6990,Unknown Device
7921,Unknown Device
9282,Unknown Device
9281,Unknown Device
9302,Unknown Device
9303,Unknown Device
9381,Unknown Device
9425,Unknown Device
9426,Unknown Device
9605,Unknown Device
9960,Unknown Device
9962,Unknown Device
9963,Unknown Device
9964,Unknown Device
9965,Unknown Device
9961,Unknown Device
9427,Unknown Device
9428,Unknown Device
9966,Unknown Device
9968,Unknown Device
9969,Unknown Device
9970,Unknown Device
9971,Unknown Device
9967,Unknown Device
10011,Unknown Device
10012,Unknown Device
10013,Unknown Device
10015,Unknown Device
10016,Unknown Device
10017,Unknown Device
10018,Unknown Device
10020,Unknown Device
10021,Unknown Device
10022,Unknown Device
10002,Unknown Device
10003,Unknown Device
10005,Unknown Device
10006,Unknown Device
10023,Unknown Device
10025,Unknown Device
10026,Unknown Device
10027,Unknown Device
10052,Unknown Device
10053,Unknown Device
10054,Unknown Device
10055,Unknown Device
10056,Unknown Device
10634,Unknown Device
10635,Unknown Device
10080,Unknown Device
10630,Unknown Device
10631,Unknown Device
10632,Unknown Device
10633,Unknown Device
10071,Unknown Device
10072,Unknown Device
10073,Unknown Device
10074,Unknown Device
10447,Unknown Device
10460,Unknown Device
10461,Unknown Device
9581,Unknown Device
9582,Unknown Device
9583,Unknown Device
9586,Unknown Device
9587,Unknown Device
